{
  "name": "2-Player Starter Deck: Yuya \u0026 Declan",
  "code": "YS15",
  "type": "Starter Deck",
  "date": "28-05-2015",
  "image": "https://ygoprodeck.com/pics_sets/YS15.jpg",
  "pull_type": "full",
  "cards": [
    {
      "id": 56619314,
      "code": "YS15-D00",
      "rarity": "Ultra Rare",
      "image_index": 0
    },
    {
      "id": 11761845,
      "code": "YS15-D01",
      "rarity": "Common",
      "image_index": 0
    },
    {
      "id": 49881766,
      "code": "YS15-D02",
      "rarity": "Common",
      "image_index": 0
    },
    {
      "id": 54343893,
      "code": "YS15-D03",
      "rarity": "Common",
      "image_index": 0
    },
    {
      "id": 85306040,
      "code": "YS15-D04",
      "rarity": "Common",
      "image_index": 0
    },
    {
      "id": 84914462,
      "code": "YS15-D05",
      "rarity": "Common",
      "image_index": 0
    },
    {
      "id": 94664694,
      "code": "YS15-D06",
      "rarity": "Common",
      "image_index": 0
    },
    {
      "id": 12235475,
      "code": "YS15-D07",
      "rarity": "Common",
      "image_index": 0
    },
    {
      "id": 51838385,
      "code": "YS15-D08",
      "rarity": "Common",
      "image_index": 0
    },
    {
      "id": 16719802,
      "code": "YS15-D09",
      "rarity": "Common",
      "image_index": 0
    },
    {
      "id": 20586572,
      "code": "YS15-D10",
      "rarity": "Common",
      "image_index": 0
    },
    {
      "id": 48343627,
      "code": "YS15-D11",
      "rarity": "Common",
      "image_index": 0
    },
    {
      "id": 97169186,
      "code": "YS15-D12",
      "rarity": "Common",
      "image_index": 0
    },
    {
      "id": 5318639,
      "code": "YS15-D13",
      "rarity": "Common",
      "image_index": 0
    },
    {
      "id": 40619825,
      "code": "YS15-D14",
      "rarity": "Common",
      "image_index": 0
    },
    {
      "id": 10012614,
      "code": "YS15-D15",
      "rarity": "Common",
      "image_index": 0
    },
    {
      "id": 44095762,
      "code": "YS15-D16",
      "rarity": "Super Rare",
      "image_index": 0
    },
    {
      "id": 62279055,
      "code": "YS15-D17",
      "rarity": "Common",
      "image_index": 0
    },
    {
      "id": 60082869,
      "code": "YS15-D18",
      "rarity": "Common",
      "image_index": 0
    },
    {
      "id": 57882509,
      "code": "YS15-D19",
      "rarity": "Common",
      "image_index": 0
    },
    {
      "id": 97077563,
      "code": "YS15-D20",
      "rarity": "Common",
      "image_index": 0
    },
    {
      "id": 19221310,
      "code": "YS15-Y00",
      "rarity": "Ultra Rare",
      "image_index": 0
    },
    {
      "id": 43096270,
      "code": "YS15-Y01",
      "rarity": "Common",
      "image_index": 0
    },
    {
      "id": 15025844,
      "code": "YS15-Y02",
      "rarity": "Common",
      "image_index": 0
    },
    {
      "id": 53025096,
      "code": "YS15-Y03",
      "rarity": "Common",
      "image_index": 0
    },
    {
      "id": 70095154,
      "code": "YS15-Y04",
      "rarity": "Common",
      "image_index": 0
    },
    {
      "id": 66337215,
      "code": "YS15-Y05",
      "rarity": "Common",
      "image_index": 0
    },
    {
      "id": 15960641,
      "code": "YS15-Y06",
      "rarity": "Common",
      "image_index": 0
    },
    {
      "id": 93013676,
      "code": "YS15-Y07",
      "rarity": "Common",
      "image_index": 0
    },
    {
      "id": 38520918,
      "code": "YS15-Y08",
      "rarity": "Common",
      "image_index": 0
    },
    {
      "id": 14506878,
      "code": "YS15-Y09",
      "rarity": "Common",
      "image_index": 0
    },
    {
      "id": 60694662,
      "code": "YS15-Y10",
      "rarity": "Common",
      "image_index": 0
    },
    {
      "id": 51196174,
      "code": "YS15-Y11",
      "rarity": "Common",
      "image_index": 0
    },
    {
      "id": 53129443,
      "code": "YS15-Y12",
      "rarity": "Super Rare",
      "image_index": 0
    },
    {
      "id": 5318639,
      "code": "YS15-Y13",
      "rarity": "Common",
      "image_index": 0
    },
    {
      "id": 70046172,
      "code": "YS15-Y14",
      "rarity": "Common",
      "image_index": 0
    },
    {
      "id": 65169794,
      "code": "YS15-Y15",
      "rarity": "Common",
      "image_index": 0
    },
    {
      "id": 99597615,
      "code": "YS15-Y16",
      "rarity": "Common",
      "image_index": 0
    },
    {
      "id": 4206964,
      "code": "YS15-Y17",
      "rarity": "Common",
      "image_index": 0
    },
    {
      "id": 44509898,
      "code": "YS15-Y18",
      "rarity": "Common",
      "image_index": 0
    },
    {
      "id": 97077563,
      "code": "YS15-Y19",
      "rarity": "Common",
      "image_index": 0
    },
    {
      "id": 14315573,
      "code": "YS15-Y20",
      "rarity": "Common",
      "image_index": 0
    }
  ]
}