{
  "name": "Revolta dos Shinigamis",
  "code": "RVSH",
  "type": "Booster Pack",
  "date": "22-10-2025",
  "image": "https://raw.githubusercontent.com/EndermanHD28/YDM-Ender-s-Anime-Addon/main/set_images/bleach_booster_pack.png",
  "pull_type": "distribution",
  "distribution": "default",
  "cards": [
    {
      "id": 50899104,
      "code": "RVSH-000",
      "rarity": "Ultra Rare",
      "image_index": 0
    },
    {
      "id": 4705597258,
      "code": "RVSH-001",
      "rarity": "Ultra Rare",
      "image_index": 0
    },
    {
      "id": 750448699,
      "code": "RVSH-002",
      "rarity": "Ultra Rare",
      "image_index": 0
    },
    {
      "id": 56257725,
      "code": "RVSH-003",
      "rarity": "Ultra Rare",
      "image_index": 0
    },
    {
      "id": 83059211,
      "code": "RVSH-004",
      "rarity": "Super Rare",
      "image_index": 0
    },
    {
      "id": 18677197,
      "code": "RVSH-005",
      "rarity": "Super Rare",
      "image_index": 0
    },
    {
      "id": 6151871,
      "code": "RVSH-006",
      "rarity": "Super Rare",
      "image_index": 0
    },
    {
      "id": 82500898,
      "code": "RVSH-007",
      "rarity": "Super Rare",
      "image_index": 0
    },
    {
      "id": 4322677,
      "code": "RVSH-008",
      "rarity": "Super Rare",
      "image_index": 0
    },
    {
      "id": 11236320,
      "code": "RVSH-009",
      "rarity": "Super Rare",
      "image_index": 0
    },
    {
      "id": 49226640,
      "code": "RVSH-010",
      "rarity": "Super Rare",
      "image_index": 0
    },
    {
      "id": 3021123021,
      "code": "RVSH-011",
      "rarity": "Super Rare",
      "image_index": 0
    },
    {
      "id": 19021726,
      "code": "RVSH-012",
      "rarity": "Rare",
      "image_index": 0
    },
    {
      "id": 31288793,
      "code": "RVSH-013",
      "rarity": "Rare",
      "image_index": 0
    },
    {
      "id": 98443602,
      "code": "RVSH-014",
      "rarity": "Rare",
      "image_index": 0
    },
    {
      "id": 7687979,
      "code": "RVSH-015",
      "rarity": "Rare",
      "image_index": 0
    },
    {
      "id": 38503874,
      "code": "RVSH-016",
      "rarity": "Rare",
      "image_index": 0
    },
    {
      "id": 9618925132,
      "code": "RVSH-017",
      "rarity": "Rare",
      "image_index": 0
    },
    {
      "id": 6942731159,
      "code": "RVSH-018",
      "rarity": "Rare",
      "image_index": 0
    },
    {
      "id": 88497471,
      "code": "RVSH-019",
      "rarity": "Rare",
      "image_index": 0
    },
    {
      "id": 89309700,
      "code": "RVSH-20",
      "rarity": "Rare",
      "image_index": 0
    },
    {
      "id": 8190007309,
      "code": "RVSH-021",
      "rarity": "Rare",
      "image_index": 0
    },
    {
      "id": 36757904,
      "code": "RVSH-022",
      "rarity": "Common",
      "image_index": 0
    },
    {
      "id": 36303797,
      "code": "RVSH-023",
      "rarity": "Common",
      "image_index": 0
    },
    {
      "id": 96036512,
      "code": "RVSH-024",
      "rarity": "Common",
      "image_index": 0
    },
    {
      "id": 94135791,
      "code": "RVSH-025",
      "rarity": "Common",
      "image_index": 0
    },
    {
      "id": 28933424,
      "code": "RVSH-026",
      "rarity": "Common",
      "image_index": 0
    },
    {
      "id": 6132040956,
      "code": "RVSH-027",
      "rarity": "Common",
      "image_index": 0
    },
    {
      "id": 73188606,
      "code": "RVSH-028",
      "rarity": "Common",
      "image_index": 0
    },
    {
      "id": 46158513,
      "code": "RVSH-029",
      "rarity": "Common",
      "image_index": 0
    },
    {
      "id": 3307764475,
      "code": "RVSH-030",
      "rarity": "Common",
      "image_index": 0
    },
    {
      "id": 22151616,
      "code": "RVSH-031",
      "rarity": "Common",
      "image_index": 0
    },
    {
      "id": 7490111,
      "code": "RVSH-032",
      "rarity": "Common",
      "image_index": 0
    },
    {
      "id": 44875075,
      "code": "RVSH-033",
      "rarity": "Rare",
      "image_index": 0
    }
  ]
}