{
  "name": "Transformar! Super Saiyajins!",
  "code": "TRSS",
  "type": "Booster Pack",
  "date": "20-10-2025",
  "image": "https://raw.githubusercontent.com/EndermanHD28/YDM-Ender-s-Anime-Addon/main/set_images/dragon_ball_booster_pack.png",
  "pull_type": "distribution",
  "distribution": "default",
  "cards": [
    {
      "id": 38232908,
      "code": "TRSS-000",
      "rarity": "Ultra Rare",
      "image_index": 0
    },
    {
      "id": 9488772,
      "code": "TRSS-001",
      "rarity": "Ultra Rare",
      "image_index": 0
    },
    {
      "id": 82098041,
      "code": "TRSS-002",
      "rarity": "Ultra Rare",
      "image_index": 0
    },
    {
      "id": 58309149,
      "code": "TRSS-003",
      "rarity": "Ultra Rare",
      "image_index": 0
    },
    {
      "id": 15277585,
      "code": "TRSS-004",
      "rarity": "Super Rare",
      "image_index": 0
    },
    {
      "id": 21407737,
      "code": "TRSS-005",
      "rarity": "Super Rare",
      "image_index": 0
    },
    {
      "id": 5373208,
      "code": "TRSS-006",
      "rarity": "Super Rare",
      "image_index": 0
    },
    {
      "id": 15717949,
      "code": "TRSS-007",
      "rarity": "Super Rare",
      "image_index": 0
    },
    {
      "id": 99634433,
      "code": "TRSS-008",
      "rarity": "Super Rare",
      "image_index": 0
    },
    {
      "id": 8875027,
      "code": "TRSS-009",
      "rarity": "Super Rare",
      "image_index": 0
    },
    {
      "id": 95169208,
      "code": "TRSS-010",
      "rarity": "Super Rare",
      "image_index": 0
    },
    {
      "id": 74533281,
      "code": "TRSS-011",
      "rarity": "Super Rare",
      "image_index": 0
    },
    {
      "id": 31118173,
      "code": "TRSS-012",
      "rarity": "Rare",
      "image_index": 0
    },
    {
      "id": 27737709,
      "code": "TRSS-013",
      "rarity": "Rare",
      "image_index": 0
    },
    {
      "id": 19291593,
      "code": "TRSS-014",
      "rarity": "Rare",
      "image_index": 0
    },
    {
      "id": 27066689,
      "code": "TRSS-015",
      "rarity": "Rare",
      "image_index": 0
    },
    {
      "id": 89618040,
      "code": "TRSS-016",
      "rarity": "Rare",
      "image_index": 0
    },
    {
      "id": 53717986,
      "code": "TRSS-017",
      "rarity": "Rare",
      "image_index": 0
    },
    {
      "id": 35647046,
      "code": "TRSS-018",
      "rarity": "Rare",
      "image_index": 0
    },
    {
      "id": 33991297,
      "code": "TRSS-019",
      "rarity": "Rare",
      "image_index": 0
    },
    {
      "id": 30977216,
      "code": "TRSS-020",
      "rarity": "Rare",
      "image_index": 0
    },
    {
      "id": 72133329,
      "code": "TRSS-021",
      "rarity": "Rare",
      "image_index": 0
    },
    {
      "id": 65831557,
      "code": "TRSS-022",
      "rarity": "Rare",
      "image_index": 0
    },
    {
      "id": 19743966,
      "code": "TRSS-023",
      "rarity": "Common",
      "image_index": 0
    },
    {
      "id": 25677143,
      "code": "TRSS-024",
      "rarity": "Common",
      "image_index": 0
    },
    {
      "id": 46987557,
      "code": "TRSS-025",
      "rarity": "Common",
      "image_index": 0
    },
    {
      "id": 31247530,
      "code": "TRSS-026",
      "rarity": "Common",
      "image_index": 0
    },
    {
      "id": 88346028,
      "code": "TRSS-027",
      "rarity": "Common",
      "image_index": 0
    },
    {
      "id": 3388395,
      "code": "TRSS-028",
      "rarity": "Common",
      "image_index": 0
    },
    {
      "id": 70915967,
      "code": "TRSS-029",
      "rarity": "Common",
      "image_index": 0
    },
    {
      "id": 40609883,
      "code": "TRSS-030",
      "rarity": "Common",
      "image_index": 0
    },
    {
      "id": 49776787,
      "code": "TRSS-031",
      "rarity": "Common",
      "image_index": 0
    },
    {
      "id": 42268813,
      "code": "TRSS-032",
      "rarity": "Common",
      "image_index": 0
    },
    {
      "id": 892561,
      "code": "TRSS-033",
      "rarity": "Common",
      "image_index": 0
    },
    {
      "id": 2688864,
      "code": "TRSS-034",
      "rarity": "Common",
      "image_index": 0
    },
    {
      "id": 51447905,
      "code": "TRSS-035",
      "rarity": "Common",
      "image_index": 0
    },
    {
      "id": 9394329,
      "code": "TRSS-036",
      "rarity": "Common",
      "image_index": 0
    },
    {
      "id": 7342913,
      "code": "TRSS-037",
      "rarity": "Common",
      "image_index": 0
    },
    {
      "id": 25054764,
      "code": "TRSS-038",
      "rarity": "Common",
      "image_index": 0
    },
    {
      "id": 83774210,
      "code": "TRSS-039",
      "rarity": "Common",
      "image_index": 0
    },
    {
      "id": 27263756,
      "code": "TRSS-040",
      "rarity": "Common",
      "image_index": 0
    },
    {
      "id": 49244788,
      "code": "TRSS-041",
      "rarity": "Common",
      "image_index": 0
    }
  ]
}