{
  "name": "Alvorada da Pior Gera\u00e7\u00e3o",
  "code": "ALPG",
  "type": "Booster Pack",
  "date": "15-10-2025",
  "image": "https://raw.githubusercontent.com/EndermanHD28/YDM-Ender-s-Anime-Addon/main/set_images/one_piece_booster_pack.png",
  "pull_type": "distribution",
  "distribution": "default",
  "cards": [
    {
      "id": 48993735,
      "code": "ALPG-000",
      "rarity": "Ultra Rare",
      "image_index": 0
    },
    {
      "id": 56340526,
      "code": "ALPG-001",
      "rarity": "Ultra Rare",
      "image_index": 0
    },
    {
      "id": 42530348,
      "code": "ALPG-002",
      "rarity": "Ultra Rare",
      "image_index": 0
    },
    {
      "id": 44049836,
      "code": "ALPG-003",
      "rarity": "Super Rare",
      "image_index": 0
    },
    {
      "id": 23139951,
      "code": "ALPG-004",
      "rarity": "Super Rare",
      "image_index": 0
    },
    {
      "id": 98369318,
      "code": "ALPG-005",
      "rarity": "Super Rare",
      "image_index": 0
    },
    {
      "id": 66025530,
      "code": "ALPG-006",
      "rarity": "Super Rare",
      "image_index": 0
    },
    {
      "id": 24754931,
      "code": "ALPG-007",
      "rarity": "Super Rare",
      "image_index": 0
    },
    {
      "id": 21284898,
      "code": "ALPG-008",
      "rarity": "Super Rare",
      "image_index": 0
    },
    {
      "id": 44020943,
      "code": "ALPG-009",
      "rarity": "Rare",
      "image_index": 0
    },
    {
      "id": 23860828,
      "code": "ALPG-010",
      "rarity": "Rare",
      "image_index": 0
    },
    {
      "id": 1680292,
      "code": "ALPG-011",
      "rarity": "Rare",
      "image_index": 0
    },
    {
      "id": 62209261,
      "code": "ALPG-012",
      "rarity": "Rare",
      "image_index": 0
    },
    {
      "id": 80645380,
      "code": "ALPG-013",
      "rarity": "Rare",
      "image_index": 0
    },
    {
      "id": 53367012,
      "code": "ALPG-014",
      "rarity": "Rare",
      "image_index": 0
    },
    {
      "id": 56997679,
      "code": "ALPG-015",
      "rarity": "Rare",
      "image_index": 0
    },
    {
      "id": 65955722,
      "code": "ALPG-016",
      "rarity": "Rare",
      "image_index": 0
    },
    {
      "id": 489418,
      "code": "ALPG-017",
      "rarity": "Rare",
      "image_index": 0
    },
    {
      "id": 64144613,
      "code": "ALPG-018",
      "rarity": "Rare",
      "image_index": 0
    },
    {
      "id": 14820491,
      "code": "ALPG-019",
      "rarity": "Common",
      "image_index": 0
    },
    {
      "id": 74172748,
      "code": "ALPG-020",
      "rarity": "Common",
      "image_index": 0
    },
    {
      "id": 96536531,
      "code": "ALPG-021",
      "rarity": "Common",
      "image_index": 0
    },
    {
      "id": 79653958,
      "code": "ALPG-022",
      "rarity": "Common",
      "image_index": 0
    },
    {
      "id": 43794093,
      "code": "ALPG-023",
      "rarity": "Common",
      "image_index": 0
    },
    {
      "id": 73528418,
      "code": "ALPG-024",
      "rarity": "Common",
      "image_index": 0
    },
    {
      "id": 59901651,
      "code": "ALPG-025",
      "rarity": "Common",
      "image_index": 0
    },
    {
      "id": 69730767,
      "code": "ALPG-026",
      "rarity": "Common",
      "image_index": 0
    },
    {
      "id": 95183606,
      "code": "ALPG-027",
      "rarity": "Common",
      "image_index": 0
    },
    {
      "id": 52731198,
      "code": "ALPG-028",
      "rarity": "Common",
      "image_index": 0
    },
    {
      "id": 21338183,
      "code": "ALPG-029",
      "rarity": "Common",
      "image_index": 0
    },
    {
      "id": 49487790,
      "code": "ALPG-030",
      "rarity": "Common",
      "image_index": 0
    },
    {
      "id": 80023971,
      "code": "ALPG-031",
      "rarity": "Common",
      "image_index": 0
    }
  ]
}