{
  "name": "Deck Inicial: Invas\u00e3o ao Sereitei!",
  "code": "IVST",
  "type": "Starter Deck",
  "date": "09-10-2025",
  "image": "https://raw.githubusercontent.com/EndermanHD28/YDM-Ender-s-Anime-Addon/main/set_images/starter_deck_bleach.png",
  "pull_type": "full",
  "cards": [
    {
      "id": 58906,
      "code": "IVST-000",
      "rarity": "Ultra Rare",
      "image_index": 0
    },
    {
      "id": 24567,
      "code": "IVST-001",
      "rarity": "Common",
      "image_index": 0
    },
    {
      "id": 502609,
      "code": "IVST-002",
      "rarity": "Common",
      "image_index": 0
    },
    {
      "id": 502609,
      "code": "IVST-003",
      "rarity": "Common",
      "image_index": 0
    },
    {
      "id": 90345,
      "code": "IVST-004",
      "rarity": "Common",
      "image_index": 0
    },
    {
      "id": 6942731159,
      "code": "IVST-005",
      "rarity": "Common",
      "image_index": 0
    },
    {
      "id": 6942731159,
      "code": "IVST-006",
      "rarity": "Common",
      "image_index": 0
    },
    {
      "id": 34061,
      "code": "IVST-007",
      "rarity": "Common",
      "image_index": 0
    },
    {
      "id": 34061,
      "code": "IVST-008",
      "rarity": "Common",
      "image_index": 0
    },
    {
      "id": 24569,
      "code": "IVST-009",
      "rarity": "Common",
      "image_index": 0
    },
    {
      "id": 13457,
      "code": "IVST-010",
      "rarity": "Rare",
      "image_index": 0
    },
    {
      "id": 13457,
      "code": "IVST-011",
      "rarity": "Rare",
      "image_index": 0
    },
    {
      "id": 396780,
      "code": "IVST-012",
      "rarity": "Common",
      "image_index": 0
    },
    {
      "id": 396780,
      "code": "IVST-013",
      "rarity": "Common",
      "image_index": 0
    },
    {
      "id": 34590,
      "code": "IVST-014",
      "rarity": "Common",
      "image_index": 0
    },
    {
      "id": 34590,
      "code": "IVST-015",
      "rarity": "Common",
      "image_index": 0
    },
    {
      "id": 23472,
      "code": "IVST-016",
      "rarity": "Common",
      "image_index": 0
    },
    {
      "id": 23472,
      "code": "IVST-017",
      "rarity": "Common",
      "image_index": 0
    },
    {
      "id": 94135791,
      "code": "IVST-018",
      "rarity": "Super Rare",
      "image_index": 0
    },
    {
      "id": 54785,
      "code": "IVST-019",
      "rarity": "Common",
      "image_index": 0
    },
    {
      "id": 54785,
      "code": "IVST-020",
      "rarity": "Common",
      "image_index": 0
    },
    {
      "id": 92354,
      "code": "IVST-021",
      "rarity": "Common",
      "image_index": 0
    },
    {
      "id": 82104557,
      "code": "IVST-022",
      "rarity": "Common",
      "image_index": 0
    },
    {
      "id": 82104557,
      "code": "IVST-023",
      "rarity": "Common",
      "image_index": 0
    },
    {
      "id": 235896,
      "code": "IVST-024",
      "rarity": "Common",
      "image_index": 0
    },
    {
      "id": 235896,
      "code": "IVST-025",
      "rarity": "Common",
      "image_index": 0
    },
    {
      "id": 134759,
      "code": "IVST-026",
      "rarity": "Common",
      "image_index": 0
    },
    {
      "id": 4705597258,
      "code": "IVST-027",
      "rarity": "Super Rare",
      "image_index": 0
    },
    {
      "id": 11520338,
      "code": "IVST-028",
      "rarity": "Common",
      "image_index": 0
    },
    {
      "id": 7481036,
      "code": "IVST-029",
      "rarity": "Common",
      "image_index": 0
    },
    {
      "id": 7481036,
      "code": "IVST-030",
      "rarity": "Common",
      "image_index": 0
    },
    {
      "id": 46158513,
      "code": "IVST-031",
      "rarity": "Common",
      "image_index": 0
    },
    {
      "id": 46158513,
      "code": "IVST-032",
      "rarity": "Common",
      "image_index": 0
    },
    {
      "id": 750448699,
      "code": "IVST-033",
      "rarity": "Super Rare",
      "image_index": 0
    },
    {
      "id": 567891,
      "code": "IVST-034",
      "rarity": "Ultra Rare",
      "image_index": 0
    },
    {
      "id": 3307764475,
      "code": "IVST-035",
      "rarity": "Common",
      "image_index": 0
    },
    {
      "id": 8190007309,
      "code": "IVST-036",
      "rarity": "Common",
      "image_index": 0
    },
    {
      "id": 8190007309,
      "code": "IVST-037",
      "rarity": "Common",
      "image_index": 0
    },
    {
      "id": 789234,
      "code": "IVST-038",
      "rarity": "Common",
      "image_index": 0
    },
    {
      "id": 789234,
      "code": "IVST-039",
      "rarity": "Common",
      "image_index": 0
    },
    {
      "id": 4322677,
      "code": "IVST-040",
      "rarity": "Common",
      "image_index": 0
    },
    {
      "id": 4322677,
      "code": "IVST-041",
      "rarity": "Common",
      "image_index": 0
    }
  ]
}