{
  "name": "Deck Inicial: A L\u00e2mina da Alma",
  "code": "DELA",
  "type": "Starter Deck",
  "date": "23-10-2025",
  "image": "https://raw.githubusercontent.com/EndermanHD28/YDM-Ender-s-Anime-Addon/main/set_images/starter_deck_bleach.png",
  "pull_type": "full",
  "cards": [
    {
      "id": 4705597258,
      "code": "DELA-000",
      "rarity": "Ultra Rare",
      "image_index": 0
    },
    {
      "id": 19021726,
      "code": "DELA-001",
      "rarity": "Super Rare",
      "image_index": 0
    },
    {
      "id": 19021726,
      "code": "DELA-002",
      "rarity": "Super Rare",
      "image_index": 0
    },
    {
      "id": 98443602,
      "code": "DELA-003",
      "rarity": "Rare",
      "image_index": 0
    },
    {
      "id": 98443602,
      "code": "DELA-004",
      "rarity": "Rare",
      "image_index": 0
    },
    {
      "id": 31288793,
      "code": "DELA-005",
      "rarity": "Rare",
      "image_index": 0
    },
    {
      "id": 38503874,
      "code": "DELA-006",
      "rarity": "Rare",
      "image_index": 0
    },
    {
      "id": 28933424,
      "code": "DELA-007",
      "rarity": "Common",
      "image_index": 0
    },
    {
      "id": 28933424,
      "code": "DELA-008",
      "rarity": "Common",
      "image_index": 0
    },
    {
      "id": 83059211,
      "code": "DELA-009",
      "rarity": "Super Rare",
      "image_index": 0
    },
    {
      "id": 7687979,
      "code": "DELA-010",
      "rarity": "Rare",
      "image_index": 0
    },
    {
      "id": 6132040956,
      "code": "DELA-011",
      "rarity": "Common",
      "image_index": 0
    },
    {
      "id": 50899104,
      "code": "DELA-012",
      "rarity": "Ultra Rare",
      "image_index": 0
    },
    {
      "id": 82500898,
      "code": "DELA-013",
      "rarity": "Super Rare",
      "image_index": 0
    },
    {
      "id": 8190007309,
      "code": "DELA-014",
      "rarity": "Rare",
      "image_index": 0
    },
    {
      "id": 4322677,
      "code": "DELA-015",
      "rarity": "Super Rare",
      "image_index": 0
    },
    {
      "id": 4322677,
      "code": "DELA-016",
      "rarity": "Super Rare",
      "image_index": 0
    },
    {
      "id": 36757904,
      "code": "DELA-017",
      "rarity": "Common",
      "image_index": 0
    },
    {
      "id": 88497471,
      "code": "DELA-018",
      "rarity": "Rare",
      "image_index": 0
    },
    {
      "id": 36303797,
      "code": "DELA-019",
      "rarity": "Common",
      "image_index": 0
    },
    {
      "id": 96036512,
      "code": "DELA-020",
      "rarity": "Common",
      "image_index": 0
    },
    {
      "id": 6942731159,
      "code": "DELA-021",
      "rarity": "Rare",
      "image_index": 0
    },
    {
      "id": 46158513,
      "code": "DELA-022",
      "rarity": "Common",
      "image_index": 0
    },
    {
      "id": 89309700,
      "code": "DELA-023",
      "rarity": "Rare",
      "image_index": 0
    },
    {
      "id": 11236320,
      "code": "DELA-024",
      "rarity": "Super Rare",
      "image_index": 0
    },
    {
      "id": 18677197,
      "code": "DELA-025",
      "rarity": "Super Rare",
      "image_index": 0
    },
    {
      "id": 6151871,
      "code": "DELA-026",
      "rarity": "Super Rare",
      "image_index": 0
    },
    {
      "id": 94135791,
      "code": "DELA-027",
      "rarity": "Common",
      "image_index": 0
    }
  ]
}