{
  "name": "Deck Estrutural: A Aventura da Pior Gera\u00e7\u00e3o!",
  "code": "DEPG",
  "type": "Starter Deck",
  "date": "16-10-2025",
  "image": "https://raw.githubusercontent.com/EndermanHD28/YDM-Ender-s-Anime-Addon/main/set_images/starter_deck_one_piece.png",
  "pull_type": "full",
  "cards": [
    {
      "id": 44020943,
      "code": "DEPG-000",
      "rarity": "Ultra Rare",
      "image_index": 0
    },
    {
      "id": 23860828,
      "code": "DEPG-001",
      "rarity": "Super Rare",
      "image_index": 0
    },
    {
      "id": 1680292,
      "code": "DEPG-002",
      "rarity": "Super Rare",
      "image_index": 0
    },
    {
      "id": 62209261,
      "code": "DEPG-003",
      "rarity": "Rare",
      "image_index": 0
    },
    {
      "id": 62209261,
      "code": "DEPG-004",
      "rarity": "Rare",
      "image_index": 0
    },
    {
      "id": 80645380,
      "code": "DEPG-005",
      "rarity": "Rare",
      "image_index": 0
    },
    {
      "id": 53367012,
      "code": "DEPG-006",
      "rarity": "Rare",
      "image_index": 0
    },
    {
      "id": 53367012,
      "code": "DEPG-007",
      "rarity": "Rare",
      "image_index": 0
    },
    {
      "id": 14820491,
      "code": "DEPG-008",
      "rarity": "Common",
      "image_index": 0
    },
    {
      "id": 56997679,
      "code": "DEPG-009",
      "rarity": "Rare",
      "image_index": 0
    },
    {
      "id": 48993735,
      "code": "DEPG-010",
      "rarity": "Ultra Rare",
      "image_index": 0
    },
    {
      "id": 56340526,
      "code": "DEPG-011",
      "rarity": "Ultra Rare",
      "image_index": 0
    },
    {
      "id": 80023971,
      "code": "DEPG-012",
      "rarity": "Common",
      "image_index": 0
    },
    {
      "id": 98369318,
      "code": "DEPG-013",
      "rarity": "Super Rare",
      "image_index": 0
    },
    {
      "id": 66025530,
      "code": "DEPG-014",
      "rarity": "Super Rare",
      "image_index": 0
    },
    {
      "id": 73528418,
      "code": "DEPG-015",
      "rarity": "Common",
      "image_index": 0
    },
    {
      "id": 65955722,
      "code": "DEPG-016",
      "rarity": "Rare",
      "image_index": 0
    },
    {
      "id": 21284898,
      "code": "DEPG-017",
      "rarity": "Super Rare",
      "image_index": 0
    },
    {
      "id": 79653958,
      "code": "DEPG-018",
      "rarity": "Common",
      "image_index": 0
    },
    {
      "id": 59901651,
      "code": "DEPG-019",
      "rarity": "Common",
      "image_index": 0
    },
    {
      "id": 52731198,
      "code": "DEPG-020",
      "rarity": "Common",
      "image_index": 0
    },
    {
      "id": 21338183,
      "code": "DEPG-021",
      "rarity": "Common",
      "image_index": 0
    },
    {
      "id": 69730767,
      "code": "DEPG-022",
      "rarity": "Common",
      "image_index": 0
    },
    {
      "id": 95183606,
      "code": "DEPG-023",
      "rarity": "Common",
      "image_index": 0
    },
    {
      "id": 43794093,
      "code": "DEPG-024",
      "rarity": "Common",
      "image_index": 0
    },
    {
      "id": 44049836,
      "code": "DEPG-025",
      "rarity": "Super Rare",
      "image_index": 0
    },
    {
      "id": 23139951,
      "code": "DEPG-026",
      "rarity": "Super Rare",
      "image_index": 0
    }
  ]
}