{
  "name": "astral_pack",
  "pulls": [
    {
      "weight": 2,
      "entries": [
        {
          "count": 2,
          "rarities": [
            "Common",
            "Short Print"
          ]
        },
        {
          "count": 1,
          "rarities": [
            "Super Rare"
          ]
        }
      ]
    },
    {
      "weight": 1,
      "entries": [
        {
          "count": 2,
          "rarities": [
            "Common",
            "Short Print"
          ]
        },
        {
          "count": 1,
          "rarities": [
            "Ultimate Rare"
          ]
        }
      ]
    }
  ]
}