{
  "name": "battles_of_legend__armageddon",
  "pulls": [
    {
      "weight": 575,
      "entries": [
        {
          "count": 4,
          "rarities": [
            "Ultra Rare"
          ]
        },
        {
          "count": 1,
          "rarities": [
            "Secret Rare"
          ]
        }
      ]
    },
    {
      "weight": 1,
      "entries": [
        {
          "count": 4,
          "rarities": [
            "Ultra Rare"
          ]
        },
        {
          "count": 1,
          "rarities": [
            "10000 Secret Rare",
            "Starlight Rare"
          ]
        }
      ]
    }
  ]
}