{
  "name": "booster_pack_without_rare_with_starlight_rare",
  "pulls": [
    {
      "weight": 432,
      "entries": [
        {
          "count": 8,
          "rarities": [
            "Common",
            "Short Print",
            "Super Short Print"
          ]
        },
        {
          "count": 1,
          "rarities": [
            "Super Rare"
          ]
        }
      ]
    },
    {
      "weight": 96,
      "entries": [
        {
          "count": 8,
          "rarities": [
            "Common",
            "Short Print",
            "Super Short Print"
          ]
        },
        {
          "count": 1,
          "rarities": [
            "Ultra Rare"
          ]
        }
      ]
    },
    {
      "weight": 47,
      "entries": [
        {
          "count": 8,
          "rarities": [
            "Common",
            "Short Print",
            "Super Short Print"
          ]
        },
        {
          "count": 1,
          "rarities": [
            "Secret Rare",
            "Ultimate Rare"
          ]
        }
      ]
    },
    {
      "weight": 1,
      "entries": [
        {
          "count": 8,
          "rarities": [
            "Common",
            "Short Print",
            "Super Short Print"
          ]
        },
        {
          "count": 1,
          "rarities": [
            "Starlight Rare"
          ]
        }
      ]
    }
  ]
}