{
  "name": "default",
  "pulls": [
    {
      "weight": 700,
      "entries": [
        {
          "count": 7,
          "rarities": [
            "Common"
          ]
        },
        {
          "count": 2,
          "rarities": [
            "Rare"
          ]
        },
        {
          "count": 1,
          "rarities": [
            "Super Rare"
          ]
        }
      ]
    },
    {
      "weight": 200,
      "entries": [
        {
          "count": 4,
          "rarities": [
            "Common"
          ]
        },
        {
          "count": 3,
          "rarities": [
            "Rare"
          ]
        },
        {
          "count": 2,
          "rarities": [
            "Super Rare"
          ]
        },
        {
          "count": 1,
          "rarities": [
            "Ultra Rare"
          ]
        }
      ]
    }
  ]
}