{
  "name": "duelist_pack",
  "pulls": [
    {
      "weight": 8,
      "entries": [
        {
          "count": 4,
          "rarities": [
            "Common"
          ]
        },
        {
          "count": 1,
          "rarities": [
            "Rare"
          ]
        }
      ]
    },
    {
      "weight": 3,
      "entries": [
        {
          "count": 4,
          "rarities": [
            "Common"
          ]
        },
        {
          "count": 1,
          "rarities": [
            "Super Rare"
          ]
        }
      ]
    },
    {
      "weight": 1,
      "entries": [
        {
          "count": 4,
          "rarities": [
            "Common"
          ]
        },
        {
          "count": 1,
          "rarities": [
            "Ultra Rare",
            "Ultimate Rare"
          ]
        }
      ]
    }
  ]
}