{
  "name": "legendary_duelists__rage_of_ra",
  "pulls": [
    {
      "weight": 192,
      "entries": [
        {
          "count": 4,
          "rarities": [
            "Common"
          ]
        },
        {
          "count": 1,
          "rarities": [
            "Rare"
          ]
        }
      ]
    },
    {
      "weight": 56,
      "entries": [
        {
          "count": 4,
          "rarities": [
            "Common"
          ]
        },
        {
          "count": 1,
          "rarities": [
            "Super Rare"
          ]
        }
      ]
    },
    {
      "weight": 39,
      "entries": [
        {
          "count": 4,
          "rarities": [
            "Common"
          ]
        },
        {
          "count": 1,
          "rarities": [
            "Ultra Rare"
          ]
        }
      ]
    },
    {
      "weight": 1,
      "entries": [
        {
          "count": 4,
          "rarities": [
            "Common"
          ]
        },
        {
          "count": 1,
          "rarities": [
            "Ghost Rare"
          ]
        }
      ]
    }
  ]
}