{
  "name": "legendary_duelists",
  "pulls": [
    {
      "weight": 24,
      "entries": [
        {
          "count": 4,
          "rarities": [
            "Common"
          ]
        },
        {
          "count": 1,
          "rarities": [
            "Rare"
          ]
        }
      ]
    },
    {
      "weight": 7,
      "entries": [
        {
          "count": 4,
          "rarities": [
            "Common"
          ]
        },
        {
          "count": 1,
          "rarities": [
            "Super Rare"
          ]
        }
      ]
    },
    {
      "weight": 5,
      "entries": [
        {
          "count": 4,
          "rarities": [
            "Common"
          ]
        },
        {
          "count": 1,
          "rarities": [
            "Ultra Rare"
          ]
        }
      ]
    }
  ]
}