{
  "name": "mega_pack_2",
  "pulls": [
    {
      "weight": 1,
      "entries": [
        {
          "count": 5,
          "rarities": [
            "Common"
          ]
        },
        {
          "count": 1,
          "rarities": [
            "Rare"
          ]
        },
        {
          "count": 1,
          "rarities": [
            "Super Rare"
          ]
        },
        {
          "count": 1,
          "rarities": [
            "Ultra Rare"
          ]
        },
        {
          "count": 1,
          "rarities": [
            "Secret Rare"
          ]
        }
      ]
    }
  ]
}