{
  "name": "millennium_pack",
  "pulls": [
    {
      "weight": 43,
      "entries": [
        {
          "count": 2,
          "rarities": [
            "Common"
          ]
        },
        {
          "count": 1,
          "rarities": [
            "Rare"
          ]
        }
      ]
    },
    {
      "weight": 12,
      "entries": [
        {
          "count": 2,
          "rarities": [
            "Common"
          ]
        },
        {
          "count": 1,
          "rarities": [
            "Super Rare"
          ]
        }
      ]
    },
    {
      "weight": 5,
      "entries": [
        {
          "count": 2,
          "rarities": [
            "Common"
          ]
        },
        {
          "count": 1,
          "rarities": [
            "Ultra Rare",
            "Ghost Rare"
          ]
        }
      ]
    }
  ]
}