{
  "name": "reprint_pack",
  "pulls": [
    {
      "weight": 18,
      "entries": [
        {
          "count": 11,
          "rarities": [
            "Common"
          ]
        },
        {
          "count": 1,
          "rarities": [
            "Rare"
          ]
        }
      ]
    },
    {
      "weight": 5,
      "entries": [
        {
          "count": 11,
          "rarities": [
            "Common"
          ]
        },
        {
          "count": 1,
          "rarities": [
            "Super Rare"
          ]
        }
      ]
    },
    {
      "weight": 1,
      "entries": [
        {
          "count": 11,
          "rarities": [
            "Common"
          ]
        },
        {
          "count": 1,
          "rarities": [
            "Ultra Rare"
          ]
        }
      ]
    }
  ]
}