{
  "name": "tournament_pack",
  "pulls": [
    {
      "weight": 65,
      "entries": [
        {
          "count": 3,
          "rarities": [
            "Common"
          ]
        }
      ]
    },
    {
      "weight": 36,
      "entries": [
        {
          "count": 2,
          "rarities": [
            "Common"
          ]
        },
        {
          "count": 1,
          "rarities": [
            "Rare"
          ]
        }
      ]
    },
    {
      "weight": 6,
      "entries": [
        {
          "count": 2,
          "rarities": [
            "Common"
          ]
        },
        {
          "count": 1,
          "rarities": [
            "Super Rare"
          ]
        }
      ]
    },
    {
      "weight": 1,
      "entries": [
        {
          "count": 2,
          "rarities": [
            "Common"
          ]
        },
        {
          "count": 1,
          "rarities": [
            "Ultra Rare"
          ]
        }
      ]
    }
  ]
}