{
  "name": "turbo_pack",
  "pulls": [
    {
      "weight": 27,
      "entries": [
        {
          "count": 3,
          "rarities": [
            "Common"
          ]
        }
      ]
    },
    {
      "weight": 16,
      "entries": [
        {
          "count": 2,
          "rarities": [
            "Common"
          ]
        },
        {
          "count": 1,
          "rarities": [
            "Rare"
          ]
        }
      ]
    },
    {
      "weight": 4,
      "entries": [
        {
          "count": 2,
          "rarities": [
            "Common"
          ]
        },
        {
          "count": 1,
          "rarities": [
            "Super Rare"
          ]
        }
      ]
    },
    {
      "weight": 1,
      "entries": [
        {
          "count": 2,
          "rarities": [
            "Common"
          ]
        },
        {
          "count": 1,
          "rarities": [
            "Ultra Rare",
            "Ultimate Rare"
          ]
        }
      ]
    }
  ]
}