{   "id": 892561,   "name": "A Batalha Decisiva!",   "is_illegal": false,   "is_custom": false,   "text": "Escolha como alvo 1 monstro com a face para cima que voc\u00ea controla e 1 que seu oponente controla; at\u00e9 o final deste turno, se eles batalharem um com o outro, nenhum deles \u00e9 destru\u00eddo por essa batalha. Al\u00e9m disso, no final da Etapa de Dano, se eles batalharam, jogue uma moeda e aplique este efeito.\n\u25cf Cara: Destrua o monstro do oponente e, se isso acontecer, seu oponente compra 2 cards.\n\u25cf Coroa: Destrua o seu monstro e, se isso acontecer, voc\u00ea compra 2 cards.\nVoc\u00ea s\u00f3 pode ativar 1 \"A Batalha Decisiva!\" por turno.",   "images": ["https://raw.githubusercontent.com/EndermanHD28/YDM-Ender-s-Anime-Addon/main/card_images/a_batalha_decisiva.png"],   "type": "Spell",   "spell_type": "Normal" }