{   "id": 74533281,   "name": "\u00c1gil Supernova",   "is_illegal": false,   "is_custom": false,   "text": "Destrua at\u00e9 3 monstros que voc\u00ea controla, OU, se voc\u00ea n\u00e3o controlar monstros, voc\u00ea pode destruir 1 monstro que seu oponente controla; para cada card destru\u00eddo por este efeito, adicione 1 \"Despertar Lend\u00e1rio\" do seu Deck ou Cemit\u00e9rio \u00e0 sua m\u00e3o. Voc\u00ea pode revelar toda a sua m\u00e3o; se voc\u00ea n\u00e3o tiver monstros do Tipo Saiyajin na sua m\u00e3o, voc\u00ea pode adicionar 1 monstro do Tipo Saiyajin do seu Deck \u00e0 sua m\u00e3o.",   "images": ["https://raw.githubusercontent.com/EndermanHD28/YDM-Ender-s-Anime-Addon/main/card_images/agil_supernova.png"],   "type": "Spell",   "spell_type": "Quick-Play" }