{   "id": 25677143,   "name": "Androide 17: Pe\u00e7a para Perfei\u00e7\u00e3o",   "is_illegal": false,   "is_custom": false,   "text": "N\u00e3o pode ser destru\u00eddo por efeitos de card. Voc\u00ea pode enviar este card do campo para o Cemit\u00e9rio; adicione 1 \"Cell, a Criatura Perfeita\" do seu Deck \u00e0 sua m\u00e3o. Voc\u00ea s\u00f3 pode usar este efeito de \"Androide 17: Pe\u00e7a para Perfei\u00e7\u00e3o\" uma vez por turno.",   "images": ["https://raw.githubusercontent.com/EndermanHD28/YDM-Ender-s-Anime-Addon/main/card_images/androide_17_peca_para_perfeicao.png"],   "type": "Monster",   "attribute": "EARTH",   "atk": 1800,   "species": "M\u00e1quina",   "monster_type": "Effect",   "is_pendulum": false,   "ability": "",   "has_effect": true,   "def": 1400,   "level": 4,   "is_tuner": false }