{   "id": 19743966,   "name": "Androide 16: Pe\u00e7a para Perfei\u00e7\u00e3o",   "is_illegal": false,   "is_custom": false,   "text": "N\u00e3o pode ser destru\u00eddo por efeitos de card. Se este card for Invocado por Invoca\u00e7\u00e3o-Normal: voc\u00ea pode revelar 1 monstro \"Pe\u00e7a para Perfei\u00e7\u00e3o\" na sua m\u00e3o; adicione 1 \"Despertar Lend\u00e1rio\" do seu Deck \u00e0 sua m\u00e3o. Voc\u00ea s\u00f3 pode usar este efeito de \"Androide 16: Pe\u00e7a para Perfei\u00e7\u00e3o\" uma vez por turno.",   "images": ["https://raw.githubusercontent.com/EndermanHD28/YDM-Ender-s-Anime-Addon/main/card_images/androide_16_peca_para_perfeicao.png"],   "type": "Monster",   "attribute": "EARTH",   "atk": 1800,   "species": "M\u00e1quina",   "monster_type": "Effect",   "is_pendulum": false,   "ability": "",   "has_effect": true,   "def": 1400,   "level": 4,   "is_tuner": false }