{   "id": 7747281975,   "name": "Anel do Tempo",   "is_illegal": false,   "is_custom": false,   "text": "Ative 1 dos seguintes efeitos:\n\u25cf Adicione 1 \"Troca de Corpo\" do seu Deck \u00e0 sua m\u00e3o.\n\u25cf Invoque por Invoca\u00e7\u00e3o-Especial 1 \"Goku Black, Justiceiro Divino\" do seu Cemit\u00e9rio, mas negue seus efeitos at\u00e9 o final deste turno.\nVoc\u00ea s\u00f3 pode ativar 1 \"Anel do Tempo\" por turno.",   "images": ["https://raw.githubusercontent.com/EndermanHD28/YDM-Ender-s-Anime-Addon/main/card_images/anel_do_tempo.png"],   "type": "Spell",   "spell_type": "Quick-Play" }