{   "id": 21338183,   "name": "Apari\u00e7\u00e3o do Deus das Mentiras",   "is_illegal": false,   "is_custom": false,   "text": "Quando seu oponente Invocar um ou mais monstros por Invoca\u00e7\u00e3o-Especial: negue seus efeitos e, se isso acontecer, Invoque por Invoca\u00e7\u00e3o-Especial 1 \"Sogeking da Pior Gera\u00e7\u00e3o\" do seu Deck Adicional. At\u00e9 o final deste turno, ele n\u00e3o pode ser destru\u00eddo em batalha.",   "images": ["https://raw.githubusercontent.com/EndermanHD28/YDM-Ender-s-Anime-Addon/main/card_images/aparicao_do_deus_das_mentiras.png"],   "type": "Trap",   "trap_type": "Normal" }