{   "id": 65955722,   "name": "Apari\u00e7\u00e3o de Ace, Punhos de Fogo",   "is_illegal": false,   "is_custom": false,   "text": "Invoque por Invoca\u00e7\u00e3o-Especial 1 \"Luffy da Pior Gera\u00e7\u00e3o\" da sua m\u00e3o ou Deck. Voc\u00ea pode banir este card do seu Cemit\u00e9rio; escolha 1 \"Barba Negra da Pior Gera\u00e7\u00e3o\" na sua m\u00e3o ou no seu campo, envie-o para o Cemit\u00e9rio e, se isso acontecer, Invoque por Invoca\u00e7\u00e3o-Especial 1 \"Barba Branca, o Homem Mais Forte\" da sua m\u00e3o ou Deck. Voc\u00ea s\u00f3 pode usar cada efeito de \"Apari\u00e7\u00e3o de Ace, Punhos de Fogo\" uma vez por turno.",   "images": ["https://raw.githubusercontent.com/EndermanHD28/YDM-Ender-s-Anime-Addon/main/card_images/aparicao_de_ace_punhos_de_fogo.png"],   "type": "Spell",   "spell_type": "Normal" }