{   "id": 2688864,   "name": "As Esferas do Drag\u00e3o",   "is_illegal": false,   "is_custom": false,   "text": "Cada vez que seu oponente ativar um card ou efeito, coloque 1 Marcador de Desejo neste card. Se este card tiver 3 ou mais Marcadores de Desejo, voc\u00ea pode envi\u00e1-lo ao Cemit\u00e9rio para ativar 1 dos seguintes efeitos:\n\u25cf Compre 2 cards.\n\u25cf Destrua todos os monstros no campo.\n\u25cf Invoque por Invoca\u00e7\u00e3o-Especial 1 monstro da sua m\u00e3o de N\u00edvel 7 ou menos.\nDurante cada Fase Final, exceto no turno em que este card foi ativado: se este card tiver 1 ou 2 Marcadores de Desejo, remova-os todos. Se este card n\u00e3o tiver Marcadores de Desejo, envie-o para o Cemit\u00e9rio.",   "images": ["https://raw.githubusercontent.com/EndermanHD28/YDM-Ender-s-Anime-Addon/main/card_images/as_esferas_do_dragao.png"],   "type": "Spell",   "spell_type": "Continuous" }