{   "id": 22151616,   "name": "Ataque da Besta em Ressurrei\u00e7\u00e3o",   "is_illegal": false,   "is_custom": false,   "text": "Envie 1 monstro \"Grimmjow\" do seu Deck para o Cemit\u00e9rio e, depois, Invoque por Invoca\u00e7\u00e3o-Especial 1 monstro \"Espiritual\" de N\u00edvel 4 ou menos da sua m\u00e3o ou do Deck em Posi\u00e7\u00e3o de Ataque. Voc\u00ea s\u00f3 pode ativar 1 \"Ataque da Besta em Ressurrei\u00e7\u00e3o\" por turno.",   "images": ["https://raw.githubusercontent.com/EndermanHD28/YDM-Ender-s-Anime-Addon/main/card_images/ataque_da_besta_em_ressurreicao.png"],   "type": "Spell",   "spell_type": "Normal" }