{
  "id": 58934,
  "name": "Ataque da Besta em Ressurreicao",
  "is_illegal": false,
  "is_custom": false,
  "text": "Envie 1 monstro \"Grimmjow\" do seu Deck para o Cemiterio e, depois, voce pode Invocar por Invocacaoo-Especial 1 monstro \"Espiritual\" de Nivel 4 ou menos da sua mao ou do Deck em Posicao de Ataque. Voce so pode ativar 1 \"Ataque da Besta em Ressurreicao\" por turno.",
  "images": [
    "https://raw.githubusercontent.com/EndermanHD28/YDM-Ender-s-Anime-Addon/main/card_images/ataque_da_besta_em_ressurreicao.png"
  ],
  "type": "Spell",
  "spell_type": "Normal"
}