{
  "id": 58906,
  "name": "Bankai: Senbonzakura Kageyoshi",
  "is_illegal": false,
  "is_custom": false,
  "text": "Se \"Guerreiro Espiritual: Byakuya\" for enviado ao Cemiterio: Invoque-o por Invocacao-Especial em Posicao de Ataque e, alem disso, equipe este card nele como uma Magia de Equipamento. Enquanto este card estiver equipado a um monstro, aumente o ATK desse monstro em 400 e, alem disso, ele causa dano de batalha perfurante. Se o monstro equipado com este card for destruido em batalha por um monstro do oponente: cause 2000 de dano aos PV do seu oponente.",
  "images": [
    "https://raw.githubusercontent.com/EndermanHD28/YDM-Ender-s-Anime-Addon/main/card_images/bankai_senbonzakura_kageyoshi.png"
  ],
  "type": "Trap",
  "trap_type": "Normal"
}