{   "id": 58906,   "name": "Bankai: Senbonzakura Kageyoshi",   "is_illegal": false,   "is_custom": false,   "text": "Se \"Guerreiro Espiritual: Byakuya\" for enviado ao Cemit\u00e9rio: Invoque-o por Invoca\u00e7\u00e3o-Especial em Posi\u00e7\u00e3o de Ataque e, al\u00e9m disso, equipe este card nele como uma Magia de Equipamento. Enquanto este card estiver equipado a um monstro, aumente o ATK desse monstro em 400 e, al\u00e9m disso, ele causa dano de batalha perfurante. Se o monstro equipado com este card for destru\u00eddo em batalha por um monstro do oponente: cause 2000 de dano aos PV do seu oponente.",   "images": [     "https://raw.githubusercontent.com/EndermanHD28/YDM-Ender-s-Anime-Addon/main/card_images/bankai_senbonzakura_kageyoshi.png"   ],   "type": "Trap",   "trap_type": "Normal" }