{   "id": 44049836,   "name": "Baratie, Parada dos Viajantes",   "is_illegal": false,   "is_custom": false,   "text": "2 monstros de N\u00edvel 4\nSe este card seria destru\u00eddo por um efeito de card do oponente, voc\u00ea pode desassociar 1 Mat\u00e9ria Xyz deste card ao inv\u00e9s disso. Outros cards \"Pior Gera\u00e7\u00e3o\" ou \"Antiga Gera\u00e7\u00e3o\" que voc\u00ea controla n\u00e3o podem ser destru\u00eddos por efeitos de card do oponente. Uma vez por turno, voc\u00ea pode associar 1 monstro \"Pior Gera\u00e7\u00e3o\" do seu campo ou Cemit\u00e9rio a este card como Mat\u00e9ria Xyz.",   "images": ["https://raw.githubusercontent.com/EndermanHD28/YDM-Ender-s-Anime-Addon/main/card_images/baratie_parada_dos_viajantes.png"],   "type": "Monster",   "attribute": "WATER",   "atk": 0,   "species": "Aqua",   "monster_type": "Xyz/Effect",   "is_pendulum": false,   "ability": "",   "has_effect": true,   "def": 3000,   "level": 4,   "is_tuner": false }