{   "id": 56997679,   "name": "Barba Negra da Pior Gera\u00e7\u00e3o",   "is_illegal": false,   "is_custom": false,   "text": "Se voc\u00ea controlar \"Road Poneglyph\": voc\u00ea pode revelar este card na sua m\u00e3o; seu oponente escolhe 1 card aleat\u00f3rio da sua m\u00e3o, e voc\u00ea o bane com a face para baixo. Se um card foi banido por este efeito, Invoque este card por Invoca\u00e7\u00e3o-Especial (da sua m\u00e3o). Voc\u00ea pode banir 1 card da sua m\u00e3o ou do Cemit\u00e9rio, com a face para baixo; coloque 1 Marcador de Conhecimento em 1 \"Road Poneglyph\" que voc\u00ea controla. Voc\u00ea s\u00f3 pode usar cada efeito de \"Barba Negra da Pior Gera\u00e7\u00e3o\" uma vez por turno.",   "images": ["https://raw.githubusercontent.com/EndermanHD28/YDM-Ender-s-Anime-Addon/main/card_images/barba_negra_da_pior_geracao.png"],   "type": "Monster",   "attribute": "DARK",   "atk": 2200,   "species": "Guerreiro",   "monster_type": "Effect",   "is_pendulum": false,   "ability": "",   "has_effect": true,   "def": 1800,   "level": 6,   "is_tuner": false }