{   "id": 48993735,   "name": "Barba Branca, o Homem Mais Forte",   "is_illegal": false,   "is_custom": false,   "text": "Outros cards que voc\u00ea controla n\u00e3o podem ser destru\u00eddos por efeitos de card.",   "images": ["https://raw.githubusercontent.com/EndermanHD28/YDM-Ender-s-Anime-Addon/main/card_images/barba_branca_o_homem_mais_forte.png"],   "type": "Monster",   "attribute": "EARTH",   "atk": 2900,   "species": "Guerreiro",   "monster_type": "Effect",   "is_pendulum": false,   "ability": "",   "has_effect": true,   "def": 3000,   "level": 8,   "is_tuner": false }