{   "id": 7698722,   "name": "Bardock, o Lend\u00e1rio Super Saiyajin",   "is_illegal": false,   "is_custom": false,   "text": "Uma vez por turno: voc\u00ea pode banir at\u00e9 3 monstros \"Saiyajin\" do seu Cemit\u00e9rio; este card ganha 400 de ATK para cada card banido por este efeito, at\u00e9 o final do pr\u00f3ximo turno do seu oponente. N\u00e3o pode atacar diretamente. Durante sua Fase Final, se este card n\u00e3o destruiu um monstro em batalha neste turno, destrua este card.",   "images": ["https://raw.githubusercontent.com/EndermanHD28/YDM-Ender-s-Anime-Addon/main/card_images/bardock_o_lendario_super_saiyajin.png"],   "type": "Monster",   "attribute": "EARTH",   "atk": 2000,   "species": "Saiyajin",   "monster_type": "Effect",   "is_pendulum": false,   "ability": "",   "has_effect": true,   "def": 1700,   "level": 5,   "is_tuner": false }