{   "id": 21284898,   "name": "Bem Vindo, Joy Boy!",   "is_illegal": false,   "is_custom": false,   "text": "Durante a Fase de Batalha, se um monstro \"Pior Gera\u00e7\u00e3o\" seu batalhar: seu monstro ganha ATK igual ao ATK original do monstro do oponente, at\u00e9 o final da Etapa de Dano. Se este card estiver no seu Cemit\u00e9rio, exceto no turno em que foi enviado para l\u00e1: voc\u00ea pode banir este card e 4 outros monstros \"Pior Gera\u00e7\u00e3o\" e/ou \"Antiga Gera\u00e7\u00e3o\" do seu Cemit\u00e9rio; Invoque por Invoca\u00e7\u00e3o-Especial 1 \"Kaido da Antiga Gera\u00e7\u00e3o\" do seu Deck, ignorando suas condi\u00e7\u00f5es de Invoca\u00e7\u00e3o.",   "images": ["https://raw.githubusercontent.com/EndermanHD28/YDM-Ender-s-Anime-Addon/main/card_images/bem_vindo_joy_boy.png"],   "type": "Spell",   "spell_type": "Quick-Play" }