{   "id": 30977216,   "name": "Busca e Despertar do Guerreiro Ideal!",   "is_illegal": false,   "is_custom": false,   "text": "Escolha como alvo 1 monstro com a face para cima que voc\u00ea controla; adicione 1 monstro com o mesmo Atributo e Tipo do seu Deck \u00e0 sua m\u00e3o, mas pelo resto deste turno voc\u00ea n\u00e3o pode Invocar monstros por Invoca\u00e7\u00e3o-Especial do Deck Adicional. Se este card for enviado para o Cemit\u00e9rio: voc\u00ea pode revelar 1 monstro Guerreiro, Besta, Dem\u00f4nio ou Saiyajin na sua m\u00e3o; coloque este card no topo do seu Deck. Voc\u00ea s\u00f3 pode usar este efeito de \"Busca e Despertar do Guerreiro Ideal!\" uma vez por turno.",   "images": ["https://raw.githubusercontent.com/EndermanHD28/YDM-Ender-s-Anime-Addon/main/card_images/busca_e_despertar_do_guerreiro_ideal.png"],   "type": "Spell",   "spell_type": "Normal" }