{   "id": 96536531,   "name": "Buster Call",   "is_illegal": false,   "is_custom": false,   "text": "Bana 1 \"Den Den Mushi Dourado\" e 1 \"Cipher Pol \"Aigis\" Zero\" do seu Cemit\u00e9rio; destrua todos os monstros com a face para cima que seu oponente controla e, depois, inflija 500 de dano ao seu oponente para cada monstro destru\u00eddo por este efeito. Efeitos de monstros que seu oponente controla n\u00e3o podem ser ativados em resposta \u00e0 ativa\u00e7\u00e3o deste card. Voc\u00ea s\u00f3 pode ativar 1 \"Buster Call\" por turno.",   "images": ["https://raw.githubusercontent.com/EndermanHD28/YDM-Ender-s-Anime-Addon/main/card_images/buster_call.png"],   "type": "Spell",   "spell_type": "Normal" }