{   "id": 46987557,   "name": "Capit\u00e3o Ginyu das For\u00e7as Ginyu!!",   "is_illegal": false,   "is_custom": false,   "text": "Uma vez por turno: voc\u00ea pode escolher como alvo 1 monstro que seu oponente controla; pague 2000 PV. Depois, jogue uma moeda e aplique o seguinte efeito.\n\u25cf Cara: Troque o controle deste card com o desse alvo e, se isso acontecer, negue os efeitos de ambos os monstros enquanto estiverem com a face para cima no campo.\n\u25cf Coroa: Voc\u00ea n\u00e3o pode ativar este efeito de \"Capit\u00e3o Ginyu das For\u00e7as Ginyu!!\" novamente neste Duelo e, al\u00e9m disso, pelo resto deste turno, voc\u00ea n\u00e3o pode usar este card como Mat\u00e9ria para uma Invoca\u00e7\u00e3o-Sincro, Xyz ou Link.",   "images": ["https://raw.githubusercontent.com/EndermanHD28/YDM-Ender-s-Anime-Addon/main/card_images/capitao_ginyu_das_forcas_ginyu.png"],   "type": "Monster",   "attribute": "DARK",   "atk": 1600,   "species": "Guerreiro",   "monster_type": "Effect",   "is_pendulum": false,   "ability": "",   "has_effect": true,   "def": 1100,   "level": 4,   "is_tuner": false }