{   "id": 9488772,   "name": "Cell, a Criatura Perfeita",   "is_illegal": false,   "is_custom": false,   "text": "N\u00e3o pode ser Invocado por Invoca\u00e7\u00e3o-Normal/Baixado. Deve primeiro ser Invocado por Invoca\u00e7\u00e3o-Especial (da sua m\u00e3o) ao banir 3 monstros \"Pe\u00e7a para Perfei\u00e7\u00e3o\" do seu Cemit\u00e9rio com nomes diferentes. Se Invocado desta forma, este card ganha os seguintes efeitos.\n\u25cf N\u00e3o pode ser destru\u00eddo por efeitos de card.\n\u25cf N\u00e3o pode ser selecionado como alvo por efeitos de card enquanto voc\u00ea controlar outro monstro.\n\u25cf Se este card seria destru\u00eddo em batalha, em vez disso, voc\u00ea pode banir 1 monstro Saiyajin do seu Cemit\u00e9rio.",   "images": ["https://raw.githubusercontent.com/EndermanHD28/YDM-Ender-s-Anime-Addon/main/card_images/cell_a_criatura_perfeita.png"],   "type": "Monster",   "attribute": "EARTH",   "atk": 3000,   "species": "Guerreiro",   "monster_type": "Effect",   "is_pendulum": false,   "ability": "",   "has_effect": true,   "def": 3000,   "level": 8,   "is_tuner": false }