{   "id": 7490111,   "name": "Cero",   "is_illegal": false,   "is_custom": false,   "text": "Descarte 1 card e, depois, escolha 1 monstro com a face para cima que seu oponente controla como alvo; destrua-o. Voc\u00ea n\u00e3o pode ativar este card durante o turno do seu oponente, a n\u00e3o ser que voc\u00ea controle um monstro \"Monstro Espiritual\".",   "images": ["https://raw.githubusercontent.com/EndermanHD28/YDM-Ender-s-Anime-Addon/main/card_images/cero.png"],   "type": "Spell",   "spell_type": "Quick-Play" }