{   "id": 14820491,   "name": "Chopper da Pior Gera\u00e7\u00e3o",   "is_illegal": false,   "is_custom": false,   "text": "Se este card for Invocado por Invoca\u00e7\u00e3o-Normal ou Especial: voc\u00ea pode adicionar 1 monstro \"Pior Gera\u00e7\u00e3o\" do seu Cemit\u00e9rio para sua m\u00e3o e, se isso acontecer, ganhe 1500 PV. Durante o turno do seu oponente, no c\u00e1lculo de dano (Efeito R\u00e1pido): voc\u00ea pode descartar este card; voc\u00ea n\u00e3o sofre dano de batalha dessa batalha. Voc\u00ea s\u00f3 pode usar cada efeito de \"Chopper da Pior Gera\u00e7\u00e3o\" uma vez por turno.",   "images": ["https://raw.githubusercontent.com/EndermanHD28/YDM-Ender-s-Anime-Addon/main/card_images/chopper_da_pior_geracao.png"],   "type": "Monster",   "attribute": "EARTH",   "atk": 300,   "species": "Besta",   "monster_type": "Effect",   "is_pendulum": false,   "ability": "",   "has_effect": true,   "def": 500,   "level": 1,   "is_tuner": false }