{   "id": 64144613,   "name": "Cipher Pol \"Aigis\" Zero",   "is_illegal": false,   "is_custom": false,   "text": "Se voc\u00ea n\u00e3o controlar outros monstros, este card pode atacar diretamente. Voc\u00ea pode descartar 1 \"Poneglyph, o Guia da Verdade\" ou enviar os 3 cards do topo do seu Deck para o Cemit\u00e9rio; se um ou mais cards enviados para o Cemit\u00e9rio por este efeito for um card \"Pior Gera\u00e7\u00e3o\", \"Antiga Gera\u00e7\u00e3o\", ou um card \"Poneglyph\" voc\u00ea pode Invocar este card por Invoca\u00e7\u00e3o-Especial (da sua m\u00e3o). Caso contr\u00e1rio, envie este card da sua m\u00e3o para o Cemit\u00e9rio e, se isso acontecer, negue os efeitos de todos os cards que est\u00e3o atualmente no seu Cemit\u00e9rio, at\u00e9 o final deste turno. Voc\u00ea s\u00f3 pode usar este efeito de \"Cipher Pol \"Aigis\" Zero\" uma vez por turno.",   "images": ["https://raw.githubusercontent.com/EndermanHD28/YDM-Ender-s-Anime-Addon/main/card_images/cipher_pol_aigis_zero.png"],   "type": "Monster",   "attribute": "WIND",   "atk": 2000,   "species": "Guerreiro",   "monster_type": "Effect",   "is_pendulum": false,   "ability": "",   "has_effect": true,   "def": 2000,   "level": 7,   "is_tuner": false }