{   "id": 74172748,   "name": "Den Den Mushi Dourado",   "is_illegal": false,   "is_custom": false,   "text": "Quando um monstro do oponente declarar um ataque (Efeito R\u00e1pido): voc\u00ea pode negar o ataque e, se isso acontecer, Invoque este card por Invoca\u00e7\u00e3o-Especial da sua m\u00e3o em Posi\u00e7\u00e3o de Defesa. Se este card for Invocado por Invoca\u00e7\u00e3o-Normal ou Especial: voc\u00ea pode adicionar 1 \"Buster Call\" do seu Deck \u00e0 sua m\u00e3o. Voc\u00ea s\u00f3 pode usar cada efeito de \"Den Den Mushi Dourado\" uma vez por turno.",   "images": ["https://raw.githubusercontent.com/EndermanHD28/YDM-Ender-s-Anime-Addon/main/card_images/den_den_mushi_dourado.png"],   "type": "Monster",   "attribute": "WATER",   "atk": 2000,   "species": "Besta",   "monster_type": "Effect",   "is_pendulum": false,   "ability": "",   "has_effect": true,   "def": 2000,   "level": 1,   "is_tuner": false }