{   "id": 51447905,   "name": "Derrubar Muralhas, Levantar For\u00e7as",   "is_illegal": false,   "is_custom": false,   "text": "Quando um monstro do oponente declarar um ataque a um monstro em Posi\u00e7\u00e3o de Defesa que voc\u00ea controla: negue o ataque e, al\u00e9m disso, os efeitos desse monstro atacante s\u00e3o negados enquanto ele estiver com a face para cima no campo. Seu oponente n\u00e3o pode ativar cards ou efeitos em resposta \u00e0 ativa\u00e7\u00e3o deste card. Voc\u00ea pode banir este card do seu Cemit\u00e9rio; Invoque por Invoca\u00e7ao-Especial 1 monstro de TERRA de N\u00edvel 7 ou menos do seu Deck ou da sua m\u00e3o, mas seus efeitos s\u00e3o negados at\u00e9 o final deste turno.",   "images": ["https://raw.githubusercontent.com/EndermanHD28/YDM-Ender-s-Anime-Addon/main/card_images/derrubar_muralhas_levantar_forcas.png"],   "type": "Trap",   "trap_type": "Counter" }