{   "id": 15277585,   "name": "Despertar Lend\u00e1rio",   "is_illegal": false,   "is_custom": false,   "text": "Escolha como alvo 1 monstro com a face para cima que voc\u00ea controla; coloque 1 Marcador de Despertar nele. Se voc\u00ea controlar um monstro do Tipo Saiyajin, enquanto este card estiver no seu Cemit\u00e9rio: voc\u00ea pode banir todos os outros cards do seu Cemit\u00e9rio (m\u00edn. 3); adicione este card \u00e0 sua m\u00e3o.",   "images": ["https://raw.githubusercontent.com/EndermanHD28/YDM-Ender-s-Anime-Addon/main/card_images/despertar_lendario.png"],   "type": "Spell",   "spell_type": "Normal" }