{   "id": 6913662631,   "name": "Deus Zamasu, A Divindade da Vingan\u00e7a",   "is_illegal": false,   "is_custom": false,   "text": "Deve ser Invocado por Invoca\u00e7\u00e3o-Especial ao enviar 1 \"Goku Black, Justiceiro Divino\" e 1 \"Zamasu, o Deus Impetuoso\" do seu campo para o Cemit\u00e9rio. Este card n\u00e3o pode ser destru\u00eddo por efeitos de Magia do oponente. Se este card for destru\u00eddo e enviado para o Cemit\u00e9rio: cause 1500 de dano aos PV do seu oponente.",   "images": ["https://raw.githubusercontent.com/EndermanHD28/YDM-Ender-s-Anime-Addon/main/card_images/deus_zamasu_a_divindade_da_vinganca.png"],   "type": "Monster",   "attribute": "DIVINE",   "atk": 3100,   "species": "Kaioshin",   "monster_type": "Fusion/Effect",   "is_pendulum": false,   "ability": "",   "has_effect": true,   "def": 2600,   "level": 10,   "is_tuner": false }