{   "id": 9394329,   "name": "Emprestem-me sua Energia!",   "is_illegal": false,   "is_custom": false,   "text": "O ATK/DEF de todos os monstros que voc\u00ea controla se tornam 0 e, al\u00e9m disso, seus efeitos s\u00e3o negados at\u00e9 o final deste turno; compre um n\u00famero de cards igual ao n\u00famero de monstros afetados e, depois, embaralhe esse mesmo n\u00famero de cards da sua m\u00e3o no Deck. Voc\u00ea s\u00f3 pode ativar 1 \"Emprestem-me sua Energia!\" por turno.",   "images": ["https://raw.githubusercontent.com/EndermanHD28/YDM-Ender-s-Anime-Addon/main/card_images/emprestem_me_sua_energia.png"],   "type": "Spell",   "spell_type": "Normal" }