{   "id": 9394329,   "name": "Emprestem-me sua Energia!",   "is_illegal": false,   "is_custom": false,   "text": "At\u00e9 o final deste turno, o ATK/DEF de todos os monstros no campo se tornam 0. Compre cards igual ao n\u00famero de monstros afetados por este efeito e, depois, embaralhe o mesmo n\u00famero de cards da sua m\u00e3o no Deck. Voc\u00ea n\u00e3o pode declarar um ataque no turno em que ativar este card. Voc\u00ea s\u00f3 pode ativar 1 \"Emprestem-me sua Energia!\" por turno.",   "images": ["https://raw.githubusercontent.com/EndermanHD28/YDM-Ender-s-Anime-Addon/main/card_images/emprestem_me_sua_energia.png"],   "type": "Spell",   "spell_type": "Normal" }