{   "id": 7342913,   "name": "Energia da Esperan\u00e7a, Apague a Escurid\u00e3o!",   "is_illegal": false,   "is_custom": false,   "text": "Destrua todos os monstros de TREVAS no campo (m\u00edn. 1). Este card permanece com a face para cima no campo ap\u00f3s sua ativa\u00e7\u00e3o. Durante a Fase Final do 2\u00ba turno do seu oponente ap\u00f3s a ativa\u00e7\u00e3o deste card, bana-o. Enquanto este card estiver com a face para cima no campo, o ATK de todos os monstros de Efeito no campo se torna 0 e, al\u00e9m disso, monstros com 0 de ATK n\u00e3o podem atacar. Se este card for banido por seu pr\u00f3prio efeito: compre 1 card e coloque 1 Marcador de Despertar em todos os monstros com a face para cima que voc\u00ea controla, depois, seu oponente pode Invocar por Invoca\u00e7\u00e3o-Especial 1 monstro da m\u00e3o dele.",   "images": ["https://raw.githubusercontent.com/EndermanHD28/YDM-Ender-s-Anime-Addon/main/card_images/energia_da_esperanca_apague_a_escuridao.png"],   "type": "Spell",   "spell_type": "Normal" }