{   "id": 3039554550,   "name": "Espada da Esperan\u00e7a",   "is_illegal": false,   "is_custom": false,   "text": "Durante este turno, o ATK de qualquer monstro \"Mirai Trunks (Ssj2)\" que voc\u00ea controla aumenta em 500 para cada card do tipo Saiyajin no Cemit\u00e9rio ou no campo. Se isso acontecer: voc\u00ea pode Invocar por Invoca\u00e7\u00e3o-Especial at\u00e9 2 monstros do tipo Saiyajin da sua m\u00e3o. Embaralhe esses monstros no Deck durante a Fase Final. Cards de Magia, Armadilha e efeitos de monstro n\u00e3o podem ser ativados em resposta \u00e0 ativa\u00e7\u00e3o deste card. Al\u00e9m disso, at\u00e9 o final da Fase de Batalha, seus monstros n\u00e3o podem ser destru\u00eddos por efeitos de card do oponente.",   "images": ["https://raw.githubusercontent.com/EndermanHD28/YDM-Ender-s-Anime-Addon/main/card_images/espada_da_esperanca.png"],   "type": "Spell",   "spell_type": "Normal" }