{   "id": 33991297,   "name": "Esperan\u00e7a do Futuro",   "is_illegal": false,   "is_custom": false,   "text": "Voc\u00ea pode revelar este card na sua m\u00e3o; voc\u00ea pode Invocar este card por Invoca\u00e7\u00e3o-Normal em Posi\u00e7\u00e3o de Defesa com a face para cima. Se Invocado desta forma, voc\u00ea pode Invocar por Invoca\u00e7\u00e3o-Especial 1 \"M\u00e1quina do Tempo, Salve-nos!\" do seu Deck.",   "images": ["https://raw.githubusercontent.com/EndermanHD28/YDM-Ender-s-Anime-Addon/main/card_images/esperanca_do_futuro.png"],   "type": "Monster",   "attribute": "LIGHT",   "atk": 1500,   "species": "Mago",   "monster_type": "Effect",   "is_pendulum": false,   "ability": "",   "has_effect": true,   "def": 1200,   "level": 3,   "is_tuner": false }