{   "id": 79653958,   "name": "Feixe Radical!",   "is_illegal": false,   "is_custom": false,   "text": "Revele 1 monstro \"Pior Gera\u00e7\u00e3o\" ou \"Antiga Gera\u00e7\u00e3o\" da sua m\u00e3o e, depois, escolha 1 monstro que seu oponente controla; negue os efeitos desse monstro e, se isso acontecer, mude esse monstro para a Posi\u00e7\u00e3o de Defesa. Depois, ambos os jogadores podem comprar 1 card e, se isso acontecer, devem descartar 1 card. Voc\u00ea s\u00f3 pode ativar 1 \"Feixe Radical!\" por turno.",   "images": ["https://raw.githubusercontent.com/EndermanHD28/YDM-Ender-s-Anime-Addon/main/card_images/feixe_radical.png"],   "type": "Spell",   "spell_type": "Quick-Play" }