{   "id": 42530348,   "name": "Filha do Dem\u00f4nio da Pior Gera\u00e7\u00e3o",   "is_illegal": false,   "is_custom": false,   "text": "Este card ganha o efeito apropriado, com base se voc\u00ea controla \"Road Poneglyph\":\n\u25cf Se voc\u00ea n\u00e3o controla \"Road Poneglyph\": Se um ou mais monstros \"Pior Gera\u00e7\u00e3o\" que voc\u00ea controla seriam destru\u00eddos em batalha, em vez disso, destrua este card.\n\u25cf Se voc\u00ea controla \"Road Poneglyph\": Uma vez por Duelo, se voc\u00ea tiver 3 ou mais monstros \"Trio Monstro\" com nomes diferentes no seu Cemit\u00e9rio, voc\u00ea pode ativar este efeito; bana todos os cards que o seu oponente controla.",   "images": ["https://raw.githubusercontent.com/EndermanHD28/YDM-Ender-s-Anime-Addon/main/card_images/filha_do_demonio_da_pior_geracao.png"],   "type": "Monster",   "attribute": "TRAP",   "atk": 2000,   "species": "Dem\u00f4nio",   "monster_type": "Effect",   "is_pendulum": false,   "ability": "",   "has_effect": true,   "def": 1800,   "level": 8,   "is_tuner": false }