{   "id": 4647582883,   "name": "Finaliza\u00e7\u00e3o Divina",   "is_illegal": false,   "is_custom": false,   "text": "Escolha 1 dos seguintes efeitos:\n\u25cf Envie todos os monstros \"Divindade\" da sua m\u00e3o e campo para o Cemit\u00e9rio (min. 2) e, al\u00e9m disso, negue seus efeitos at\u00e9 a Fase Final deste turno; destrua todos os monstros que seu oponente controla. Efeitos de cards n\u00e3o podem ser ativados em resposta \u00e0 ativa\u00e7\u00e3o deste card.\n\u25cf Descarte este card; adicione 1 \"Kamehameha\" do seu Deck \u00e0 sua m\u00e3o.\nVoc\u00ea s\u00f3 pode ativar 1 \"Finaliza\u00e7\u00e3o Divina\" por turno.",   "images": ["https://raw.githubusercontent.com/EndermanHD28/YDM-Ender-s-Anime-Addon/main/card_images/finalizacao_divina.png"],   "type": "Spell",   "spell_type": "Normal" }