{   "id": 88346028,   "name": "Freeza, o Imperador em Primeira Forma",   "is_illegal": false,   "is_custom": false,   "text": "Voc\u00ea pode enviar 1 monstro do Tipo Saiyajin da sua m\u00e3o ou do campo para o Cemit\u00e9rio; Invoque este card por Invoca\u00e7\u00e3o-Especial (da sua m\u00e3o). Voc\u00ea s\u00f3 pode Invocar por Invoca\u00e7\u00e3o-Especial \"Freeza, o Imperador em Primeira Forma\" uma vez por turno desta forma. Se este card for Invocado por Invoca\u00e7\u00e3o-Normal ou Especial: coloque todos os monstros do Tipo Saiyajin no campo em Posi\u00e7\u00e3o de Defesa.",   "images": ["https://raw.githubusercontent.com/EndermanHD28/YDM-Ender-s-Anime-Addon/main/card_images/freeza_o_imperador_em_primeira_forma.png"],   "type": "Monster",   "attribute": "DARK",   "atk": 1900,   "species": "Dem\u00f4nio",   "monster_type": "Effect",   "is_pendulum": false,   "ability": "",   "has_effect": true,   "def": 700,   "level": 4,   "is_tuner": false }