{   "id": 3388395,   "name": "Freeza, o Imperador em Segunda Forma",   "is_illegal": false,   "is_custom": false,   "text": "Voc\u00ea pode Invocar este card por Invoca\u00e7\u00e3o-Especial (da sua m\u00e3o) ao enviar 1 \"Freeza, o Imperador em Primeira Forma\" com a face para cima que voc\u00ea controla com 1 Marcador de Despertar para o Cemit\u00e9rio. Se este card for Invocado por Invoca\u00e7\u00e3o-Especial por seu pr\u00f3prio efeito: voc\u00ea pode banir 2 cards do topo do seu Deck; adicione 1 \"Despertar Lend\u00e1rio\" do seu Cemit\u00e9rio para sua m\u00e3o.",   "images": ["https://raw.githubusercontent.com/EndermanHD28/YDM-Ender-s-Anime-Addon/main/card_images/freeza_o_imperador_em_segunda_forma.png"],   "type": "Monster",   "attribute": "DARK",   "atk": 2600,   "species": "Dem\u00f4nio",   "monster_type": "Effect",   "is_pendulum": false,   "ability": "",   "has_effect": true,   "def": 1700,   "level": 6,   "is_tuner": false }