{   "id": 65831557,   "name": "Freeza, o Imperador em Terceira Forma",   "is_illegal": false,   "is_custom": false,   "text": "Voc\u00ea pode Invocar este card por Invoca\u00e7\u00e3o-Especial (da sua m\u00e3o) ao enviar 1 \"Freeza, o Imperador em Segunda Forma\" com a face para cima que voc\u00ea controla com 1 Marcador de Despertar para o Cemit\u00e9rio. Se Invocado desta forma, este card ganha os seguintes efeitos.\n\u25cf Uma vez por turno, este card n\u00e3o pode ser destru\u00eddo por efeitos de card do oponente.\n\u25cf (Efeito R\u00e1pido): Uma vez por turno, voc\u00ea pode descartar 1 monstro do Tipo Saiyajin; escolha como alvo 1 monstro com a face para cima que seu oponente controla; destrua-o.\n\u25cf Se este card destruir um monstro em batalha: seu oponente descarta 1 card.",   "images": ["https://raw.githubusercontent.com/EndermanHD28/YDM-Ender-s-Anime-Addon/main/card_images/freeza_o_imperador_em_terceira_forma.png"],   "type": "Monster",   "attribute": "DARK",   "atk": 3000,   "species": "Dem\u00f4nio",   "monster_type": "Effect",   "is_pendulum": false,   "ability": "",   "has_effect": true,   "def": 2000,   "level": 7,   "is_tuner": false }