{   "id": 82098041,   "name": "Freeza, o Imperador em \u00daltima Forma",   "is_illegal": false,   "is_custom": false,   "text": "1+ Reguladores + 1 \"Freeza, o Imperador em Terceira Forma\"\nSe este card for Invocado por Invoca\u00e7\u00e3o-Sincro: voc\u00ea pode escolher como alvo at\u00e9 3 monstros com a face para cima que seu oponente controla; eles perdem 1000 de ATK enquanto este card estiver com a face para cima no campo. Uma vez por turno, quando um Card de Magia for ativado (Efeito R\u00e1pido): voc\u00ea pode negar a ativa\u00e7\u00e3o e, se isso acontecer, destrua-o.",   "images": ["https://raw.githubusercontent.com/EndermanHD28/YDM-Ender-s-Anime-Addon/main/card_images/freeza_o_imperador_em_ultima_forma.png"],   "type": "Monster",   "attribute": "DARK",   "atk": 2700,   "species": "Dem\u00f4nio",   "monster_type": "Synchro/Effect",   "is_pendulum": false,   "ability": "",   "has_effect": true,   "def": 2700,   "level": 9,   "is_tuner": false }