{   "id": 36757904,   "name": "F\u00faria Acumulativa",   "is_illegal": false,   "is_custom": false,   "text": "Voc\u00ea s\u00f3 pode controlar 1 \"F\u00faria Acumulativa\". Se um monstro \"Monstro Espiritual\" que voc\u00ea controla destruir um monstro do oponente em batalha: esse monstro que voc\u00ea controla ganha 100 de ATK.",   "images": ["https://raw.githubusercontent.com/EndermanHD28/YDM-Ender-s-Anime-Addon/main/card_images/furia_acumulativa.png"],   "type": "Spell",   "spell_type": "Continuous" }