{
  "id": 90345,
  "name": "Furia e Hollowficacao",
  "is_illegal": false,
  "is_custom": false,
  "text": "Escolha 1 monstro \"Espiritual\" que voce controla; equipe este card a esse alvo. O monstro equipado ganha 400 de ATK/DEF. Voce so pode controlar 1 \"Furia e Hollowficacao\" com a face para cima. Se o monstro equipado seria destruido em batalha ou por um efeito de card do oponente, em vez disso, destrua este card. Se este card for enviado para o Cemiterio por seu proprio efeito: voce pode pagar PV igual ao ATK que o monstro equipado tinha no campo; coloque este card no topo do Deck.",
  "images": [
    "https://raw.githubusercontent.com/EndermanHD28/YDM-Ender-s-Anime-Addon/main/card_images/furia_e_hollowficacao.png"
  ],
  "type": "Spell",
  "spell_type": "Quick-Play"
}