{   "id": 88497471,   "name": "F\u00faria e Hollowfica\u00e7\u00e3o",   "is_illegal": false,   "is_custom": false,   "text": "Escolha 1 monstro \"Espiritual\" que voc\u00ea controla; equipe este card a esse alvo. O monstro equipado ganha 400 de ATK/DEF. Voc\u00ea s\u00f3 pode controlar 1 \"F\u00faria e Hollowfica\u00e7\u00e3o\" com a face para cima. Se o monstro equipado seria destru\u00eddo em batalha ou por um efeito de card do oponente, em vez disso, destrua este card. Se este card for enviado para o Cemit\u00e9rio por seu pr\u00f3prio efeito: voc\u00ea pode pagar PV igual ao ATK que o monstro equipado tinha no campo; coloque este card no topo do Deck.",   "images": ["https://raw.githubusercontent.com/EndermanHD28/YDM-Ender-s-Anime-Addon/main/card_images/furia_e_hollowficacao.png"],   "type": "Spell",   "spell_type": "Equip" }