{   "id": 489418,   "name": "Garp da Antiga Gera\u00e7\u00e3o",   "is_illegal": false,   "is_custom": false,   "text": "Se este card for Invocado por Invoca\u00e7\u00e3o-Especial: voc\u00ea pode adicionar 1 \"Cipher Pol \"Aigis\" Zero\" do seu Deck \u00e0 sua m\u00e3o. Uma vez por turno, voc\u00ea pode banir 1 card do topo do seu Deck com a face para baixo; aumente o ATK deste monstro em 500 at\u00e9 o final deste turno.",   "images": ["https://raw.githubusercontent.com/EndermanHD28/YDM-Ender-s-Anime-Addon/main/card_images/garp_da_antiga_geracao.png"],   "type": "Monster",   "attribute": "EARTH",   "atk": 2500,   "species": "Guerreiro",   "monster_type": "Effect",   "is_pendulum": false,   "ability": "",   "has_effect": true,   "def": 1900,   "level": 7,   "is_tuner": false }