﻿{
    "id":  6942731159,
    "name":  "Geração Arrancar",
    "is_illegal":  false,
    "is_custom":  false,
    "text":  "Se o seu oponente Invocar um ou mais monstros por Invocação-Especial: envie 1 \"Guerreiro Espiritual\" do seu Deck para o Cemitério e, além disso, para cada 500 de ATK do(s) monstro(s) Invocado(s), embaralhe 1 \"Monstro Espiritual\" do seu Cemitério no Deck.",
    "images":  [
                   "https://raw.githubusercontent.com/EndermanHD28/YDM-Ender-s-Anime-Addon/main/card_images/geracao_arrancar.png"
               ],
    "type":  "Trap",
    "trap_type":  "Normal"
}
