{   "id": 6942731159,   "name": "Gera\u00e7\u00e3o Arrancar",   "is_illegal": false,   "is_custom": false,   "text": "Se o seu oponente Invocar um ou mais monstros por Invoca\u00e7\u00e3o-Especial: envie 1 \"Guerreiro Espiritual\" do seu Deck para o Cemit\u00e9rio e, al\u00e9m disso, para cada 500 de ATK do(s) monstro(s) Invocado(s), embaralhe 1 \"Monstro Espiritual\" do seu Cemit\u00e9rio no Deck.",   "images": [     "https://raw.githubusercontent.com/EndermanHD28/YDM-Ender-s-Anime-Addon/main/card_images/geracao_arrancar.png"   ],   "type": "Trap",   "trap_type": "Normal" }