{   "id": 96036512,   "name": "Getsuga Tenshou Negro",   "is_illegal": false,   "is_custom": false,   "text": "Se um monstro que voc\u00ea controla seria destru\u00eddo por um efeito de card: negue o efeito e, se isso acontecer, destrua o card. Se este card for ativado durante o turno do seu oponente, voc\u00ea pode enviar 1 \"Guerreiro Espiritual\" ou \"Monstro Espiritual\" da sua m\u00e3o para o Cemit\u00e9rio, mas negue seus efeitos at\u00e9 a Fase Final deste turno.",   "images": ["https://raw.githubusercontent.com/EndermanHD28/YDM-Ender-s-Anime-Addon/main/card_images/getsuga_tenshou_negro.png"],   "type": "Spell",   "spell_type": "Quick-Play" }