{   "id": 31247530,   "name": "Ginyu: Trocar!",   "is_illegal": false,   "is_custom": false,   "text": "Voc\u00ea pode Invocar este card por Invoca\u00e7\u00e3o-Especial (da sua m\u00e3o) no campo do seu oponente em Posi\u00e7\u00e3o de Ataque, ao oferecer como Tributo 1 monstro que ele controla. Voc\u00ea s\u00f3 pode controlar 1 \"Ginyu: Trocar!\".",   "images": ["https://raw.githubusercontent.com/EndermanHD28/YDM-Ender-s-Anime-Addon/main/card_images/ginyu_trocar.png"],   "type": "Monster",   "attribute": "EARTH",   "atk": 2400,   "species": "Guerreiro",   "monster_type": "Effect",   "is_pendulum": false,   "ability": "",   "has_effect": true,   "def": 2500,   "level": 7,   "is_tuner": false }