{   "id": 70915967,   "name": "Gohan, o Super Saiyajin",   "is_illegal": false,   "is_custom": false,   "text": "Voc\u00ea pode Invocar este card por Invoca\u00e7\u00e3o-Especial (da sua m\u00e3o) ao enviar 1 \"Gohan, o Prod\u00edgio\" com a face para cima que voc\u00ea controla com 1 Marcador de Despertar para o Cemit\u00e9rio. Se este card for Invocado por Invoca\u00e7\u00e3o-Especial por seu pr\u00f3prio efeito: voc\u00ea pode escolher como alvo 1 monstro do Tipo Saiyajin de N\u00edvel 5 ou menos no seu Cemit\u00e9rio, exceto \"Gohan, o Super Saiyajin\" e \"Gohan, o Prod\u00edgio\"; Invoque-o por Invoca\u00e7\u00e3o-Especial.",   "images": ["https://raw.githubusercontent.com/EndermanHD28/YDM-Ender-s-Anime-Addon/main/card_images/gohan_o_super_saiyajin.png"],   "type": "Monster",   "attribute": "EARTH",   "atk": 2000,   "species": "Saiyajin",   "monster_type": "Effect",   "is_pendulum": false,   "ability": "",   "has_effect": true,   "def": 1600,   "level": 5,   "is_tuner": false }