{   "id": 70915967,   "name": "Gohan, o Super Saiyajin 2",   "is_illegal": false,   "is_custom": false,   "text": "Voc\u00ea pode Invocar este card por Invoca\u00e7\u00e3o-Especial (da sua m\u00e3o) ao enviar 1 \"Gohan, o Super Saiyajin\" com a face para cima que voc\u00ea controla com 1 Marcador de Despertar para o Cemit\u00e9rio. Se Invocado desta forma, este card ganha os seguintes efeitos.\n\u25cf N\u00e3o pode ser selecionado como alvo por efeitos de card.\n\u25cf Uma vez por turno: voc\u00ea pode adicionar 1 monstro \"Perfei\u00e7\u00e3o\" de TERRA do seu Deck \u00e0 sua m\u00e3o.",   "images": ["https://raw.githubusercontent.com/EndermanHD28/YDM-Ender-s-Anime-Addon/main/card_images/gohan_o_super_saiyajin_2.png"],   "type": "Monster",   "attribute": "EARTH",   "atk": 2800,   "species": "Saiyajin",   "monster_type": "Effect",   "is_pendulum": false,   "ability": "",   "has_effect": true,   "def": 2400,   "level": 7,   "is_tuner": false }