{   "id": 89618040,   "name": "Gohan, o Prod\u00edgio",   "is_illegal": false,   "is_custom": false,   "text": "Se voc\u00ea controla outro monstro do Tipo Saiyajin, voc\u00ea pode Invocar este card por Invoca\u00e7\u00e3o-Especial (da sua m\u00e3o). Se Invocado desta forma, voc\u00ea pode banir 2 cards do topo do seu Deck para adicionar 1 \"Despertar Lend\u00e1rio\" do seu Deck \u00e0 sua m\u00e3o. Voc\u00ea s\u00f3 pode Invocar \"Gohan, o Prod\u00edgio\" por Invoca\u00e7\u00e3o-Especial uma vez por turno.",   "images": ["https://raw.githubusercontent.com/EndermanHD28/YDM-Ender-s-Anime-Addon/main/card_images/gohan_o_prodigio.png"],   "type": "Monster",   "attribute": "EARTH",   "atk": 1450,   "species": "Saiyajin",   "monster_type": "Effect",   "is_pendulum": false,   "ability": "",   "has_effect": true,   "def": 1400,   "level": 3,   "is_tuner": false }