{   "id": 3051747990,   "name": "Goku Black, Divindade Obscura",   "is_illegal": false,   "is_custom": false,   "text": "Se \"Zamasu, o Deus Impetuoso\" estiver no seu Cemit\u00e9rio: voc\u00ea pode Invocar por Invoca\u00e7\u00e3o-Especial 1 \"Zamasu, o Deus Impetuoso\" do Cemit\u00e9rio em Posi\u00e7\u00e3o de Ataque e, depois, Invocar este card por Invoca\u00e7\u00e3o-Especial em Posi\u00e7\u00e3o de Ataque.",   "images": ["https://raw.githubusercontent.com/EndermanHD28/YDM-Ender-s-Anime-Addon/main/card_images/goku_black_divindade_obscura.png"],   "type": "Monster",   "attribute": "DARK",   "atk": 2700,   "species": "Saiyajin",   "monster_type": "Effect",   "is_pendulum": false,   "ability": "",   "has_effect": true,   "def": 0,   "level": 7,   "is_tuner": false }