{
  "id": 37745090,
  "name": "Goku (Ssj2)",
  "is_illegal": false,
  "is_custom": false,
  "text": "Ao ultrapassar os limites de um Super Saiyajin, seu poder explode, envolto em rel\u00e2mpagos crepitantes. Uma forma lend\u00e1ria despertada para enfrentar um rival orgulhoso, cujo poder amea\u00e7a abalar os pr\u00f3prios c\u00e9us.",
  "images": ["https://raw.githubusercontent.com/EndermanHD28/YDM-Ender-s-Anime-Addon/main/card_images/goku_ssj2.png"],
  "type": "Monster",
  "attribute": "EARTH",
  "atk": 1500,
  "species": "Saiyajin",
  "monster_type": "Normal",
  "is_pendulum": false,
  "ability": "",
  "has_effect": false,
  "def": 1300,
  "level": 4,
  "is_tuner": false
}