{   "id": 72133329,   "name": "Goku, o Super Saiyajin 2",   "is_illegal": false,   "is_custom": false,   "text": "Voc\u00ea pode Invocar este card por Invoca\u00e7\u00e3o-Especial (da sua m\u00e3o) ao enviar 1 \"Goku, o Super Saiyajin\" com a face para cima que voc\u00ea controla com 1 Marcador de Despertar para o Cemit\u00e9rio. Se este card for Invocado por Invoca\u00e7\u00e3o-Especial por seu pr\u00f3prio efeito: voc\u00ea pode comprar 2 cards, depois, bana 2 cards da sua m\u00e3o.",   "images": ["https://raw.githubusercontent.com/EndermanHD28/YDM-Ender-s-Anime-Addon/main/card_images/goku_o_super_saiyajin_2.png"],   "type": "Monster",   "attribute": "EARTH",   "atk": 2500,   "species": "Saiyajin",   "monster_type": "Effect",   "is_pendulum": false,   "ability": "",   "has_effect": true,   "def": 2100,   "level": 6,   "is_tuner": false }