{   "id": 2213118881,   "name": "Goku Black (SsjRos\u00e9)",   "is_illegal": false,   "is_custom": false,   "text": "2 Goku Black, Justiceiro Divino\nUma vez por turno, voc\u00ea pode desassociar 1 Mat\u00e9ria Xyz deste card e, se o fizer, Invoque por Invoca\u00e7\u00e3o-Especial essa Mat\u00e9ria no seu lado do campo. Voc\u00ea n\u00e3o pode ativar este efeito no turno em que este card foi Invocado por Invoca\u00e7\u00e3o-Xyz. Este card pode ser invocado por Invoca\u00e7\u00e3o-Xyz utilizando 2 monstros \"Goku Black, Justiceiro Divino\" como materiais, ignorando a soma de seus N\u00edveis.",   "images": ["https://raw.githubusercontent.com/EndermanHD28/YDM-Ender-s-Anime-Addon/main/card_images/goku_black_ssjrose.png"],   "type": "Monster",   "attribute": "DIVINE",   "atk": 3000,   "species": "Saiyajin",   "monster_type": "Xyz/Effect",   "is_pendulum": false,   "ability": "",   "has_effect": true,   "def": 2700,   "level": 8,   "is_tuner": false }