{   "id": 31118173,   "name": "Goku, o Saiyajin Criado na Terra",   "is_illegal": false,   "is_custom": false,   "text": "Se este card for Invocado por Invoca\u00e7\u00e3o-Normal ou Especial: adicione 1 monstro do Tipo Saiyajin com 1800 ou menos de ATK do seu Deck \u00e0 sua m\u00e3o. Se este card batalhar com um monstro do oponente e seria destru\u00eddo por essa batalha, em vez disso, voc\u00ea pode colocar 1 Marcador de Despertar neste card. Voc\u00ea s\u00f3 pode usar cada efeito de \"Goku, o Saiyajin Criado na Terra\" uma vez por turno.",   "images": ["https://raw.githubusercontent.com/EndermanHD28/YDM-Ender-s-Anime-Addon/main/card_images/goku_o_saiyajin_criado_na_terra.png"],   "type": "Monster",   "attribute": "EARTH",   "atk": 1500,   "species": "Saiyajin",   "monster_type": "Effect",   "is_pendulum": false,   "ability": "",   "has_effect": true,   "def": 1300,   "level": 4,   "is_tuner": false }