{   "id": 215102007,   "name": "Goku (Ssj3)",   "is_illegal": false,   "is_custom": false,   "text": "Pode ser Invocado por Invoca\u00e7\u00e3o-Especial em Posi\u00e7\u00e3o de Ataque ao enviar 1 \"Goku (Ssj2)\" do campo para o Cemit\u00e9rio. Se este card for Invocado por Invoca\u00e7\u00e3o-Especial no seu lado do campo: adicione 1 \"Kamehameha\" do seu Deck \u00e0 sua m\u00e3o.",   "images": ["https://raw.githubusercontent.com/EndermanHD28/YDM-Ender-s-Anime-Addon/main/card_images/goku_ssj3.png"],   "type": "Monster",   "attribute": "EARTH",   "atk": 2200,   "species": "Saiyajin",   "monster_type": "Effect",   "is_pendulum": false,   "ability": "",   "has_effect": true,   "def": 2400,   "level": 5,   "is_tuner": false }