{   "id": 1197262171,   "name": "Goku (SsjGod)",   "is_illegal": false,   "is_custom": false,   "text": "Se \"Planeta de Bills\" estiver ativado no seu campo: voc\u00ea pode Invocar este card por Invoca\u00e7\u00e3o-Normal com a face para cima da sua m\u00e3o sem oferecer Tributo. Este card ganha 500 ATK para cada \"Kamehameha\" no seu Cemit\u00e9rio.",   "images": ["https://raw.githubusercontent.com/EndermanHD28/YDM-Ender-s-Anime-Addon/main/card_images/goku_ssjgod.png"],   "type": "Monster",   "attribute": "DIVINE",   "atk": 1800,   "species": "Saiyajin",   "monster_type": "Effect",   "is_pendulum": false,   "ability": "",   "has_effect": true,   "def": 2500,   "level": 7,   "is_tuner": false }