{   "id": 58309149,   "name": "Goku, o Super Saiyajin 3",   "is_illegal": false,   "is_custom": false,   "text": "Voc\u00ea pode Invocar este card por Invoca\u00e7\u00e3o-Especial (da sua m\u00e3o) ao enviar 1 \"Goku, o Super Saiyajin\" com a face para cima que voc\u00ea controla com 1 Marcador de Despertar para o Cemit\u00e9rio. Se Invocado desta forma, este card ganha os seguintes efeitos.\n\u25cf Uma vez por turno, n\u00e3o pode ser destru\u00eddo por efeitos de card.\n\u25cf Se este card destruir um monstro do oponente em batalha: compre 1 card.\n\u25cf Uma vez por turno: voc\u00ea pode descartar 1 card; este card pode realizar um segundo ataque em um monstro durante sua Fase de Batalha neste turno.",   "images": ["https://raw.githubusercontent.com/EndermanHD28/YDM-Ender-s-Anime-Addon/main/card_images/goku_o_super_saiyajin_3.png"],   "type": "Monster",   "attribute": "EARTH",   "atk": 3100,   "species": "Saiyajin",   "monster_type": "Effect",   "is_pendulum": false,   "ability": "",   "has_effect": true,   "def": 3100,   "level": 8,   "is_tuner": false }