{   "id": 8869697257,   "name": "Goku Black, Justiceiro Divino",   "is_illegal": false,   "is_custom": false,   "text": "Caso este card seja invocado por Invoca\u00e7\u00e3o-Especial: voc\u00ea pode escolher um monstro no campo de seu advers\u00e1rio com 2000 ou menos de ATK; destrua-o.",   "images": ["https://raw.githubusercontent.com/EndermanHD28/YDM-Ender-s-Anime-Addon/main/card_images/goku_black_justiceiro_divino.png"],   "type": "Monster",   "attribute": "DARK",   "atk": 2800,   "species": "Saiyajin",   "monster_type": "Effect",   "is_pendulum": false,   "ability": "",   "has_effect": true,   "def": 2100,   "level": 7,   "is_tuner": false }