{   "id": 38232908,   "name": "Goku, o Super Saiyajin 4",   "is_illegal": false,   "is_custom": false,   "text": "1 Regulador + 1+ monstros de TERRA n\u00e3o-Reguladores\nUma vez por turno, quando um efeito de monstro for ativado (Efeito R\u00e1pido): voc\u00ea pode negar a ativa\u00e7\u00e3o e, se isso acontecer, compre 1 card. Se este card atacar um monstro que n\u00e3o seja de TERRA, ele ganha 500 de ATK durante o c\u00e1lculo de dano, apenas.",   "images": ["https://raw.githubusercontent.com/EndermanHD28/YDM-Ender-s-Anime-Addon/main/card_images/goku_o_super_saiyajin_4.png"],   "type": "Monster",   "attribute": "EARTH",   "atk": 3200,   "species": "Saiyajin",   "monster_type": "Synchro/Effect",   "is_pendulum": false,   "ability": "",   "has_effect": true,   "def": 2500,   "level": 10,   "is_tuner": false }