{   "id": 2034304340,   "name": "Goku (SsjBlue), Divindade em Azul",   "is_illegal": false,   "is_custom": false,   "text": "1 Monstro Saiyajin + 1 Monstro \"SsjGod\"\nVoc\u00ea pode banir este card com a face para baixo do seu Deck Adicional e mais 2 cards do topo do seu Deck; adicione 1 \"Planeta de Bills\" do seu Deck \u00e0 sua m\u00e3o. Voc\u00ea pode escolher 1 monstro que esteja em uma das suas zonas de Link; envie-o para o Cemit\u00e9rio e, se isso acontecer, adicione 1 card \"Kamehameha\" do seu Deck a sua m\u00e3o.",   "images": ["https://raw.githubusercontent.com/EndermanHD28/YDM-Ender-s-Anime-Addon/main/card_images/goku_ssjblue_divindade_em_azul.png"],   "type": "Link",   "attribute": "DIVINE",   "atk": 3000,   "species": "Saiyajin",   "monster_type": "Link/Effect",   "is_pendulum": false,   "ability": "",   "has_effect": true,   "link_val": 2,   "link_markers": ["Bottom-Left", "Bottom-Right"] }