{   "id": 25054764,   "name": "Grande Supernova, Apagar!",   "is_illegal": false,   "is_custom": false,   "text": "Descarte 1 monstro do Tipo Saiyajin; compre 2 cards. Pelo resto deste turno, voc\u00ea n\u00e3o pode ativar efeitos de cards no Cemit\u00e9rio. Voc\u00ea s\u00f3 pode ativar 1 card \"Grande Supernova\" por turno.",   "images": ["https://raw.githubusercontent.com/EndermanHD28/YDM-Ender-s-Anime-Addon/main/card_images/grande_supernova_apagar.png"],   "type": "Spell",   "spell_type": "Normal" }