{   "id": 83774210,   "name": "Grande Supernova, Desintegrar!",   "is_illegal": false,   "is_custom": false,   "text": "Descarte 1 monstro do Tipo Saiyajin; compre 2 cards. Pelo resto deste turno, monstros que seu oponente controla n\u00e3o podem ser destru\u00eddos em batalha. Voc\u00ea s\u00f3 pode ativar 1 card \"Grande Supernova\" por turno.",   "images": ["https://raw.githubusercontent.com/EndermanHD28/YDM-Ender-s-Anime-Addon/main/card_images/grande_supernova_desintegrar.png"],   "type": "Spell",   "spell_type": "Normal" }