{
  "id": 34590,
  "name": "Guerreiro Espiritual: Ichigo",
  "is_illegal": false,
  "is_custom": true,
  "text": "Se este card estiver no Cemiterio: voce pode bani-lo e enviar os 3 cards do topo do seu Deck para o Cemiterio; Invoque por Invocacao-Especial 1 \"Monstro Espiritual: Ichigo (Vasto Lorde)\" do seu Deck. Voce so pode usar este efeito de \"Guerreiro Espiritual: Ichigo\" uma vez por turno.",
  "images": [
    "https://raw.githubusercontent.com/EndermanHD28/YDM-Ender-s-Anime-Addon/main/card_images/guerreiro_espiritual_ichigo.png"
  ],
  "type": "Monster",
  "attribute": "LIGHT",
  "atk": 1700,
  "species": "Shinigami",
  "monster_type": "",
  "is_pendulum": false,
  "ability": "",
  "has_effect": true,
  "def": 1500,
  "level": 4,
  "is_tuner": false
}