{   "id": 31288793,   "name": "Guerreiro Espiritual: Ichigo (Bankai)",   "is_illegal": false,   "is_custom": false,   "text": "Uma vez por turno, voc\u00ea pode enviar 1 \"Guerreiro Espiritual: Ichigo\" do seu campo para o Cemit\u00e9rio; Invoque este card por Invoca\u00e7\u00e3o-Especial. Se este card for Invocado por seu pr\u00f3prio efeito: adicione 1 \"Guerreiro Espiritual: Ichigo (Hollowficado)\" do seu Deck \u00e0 sua m\u00e3o.",   "images": ["https://raw.githubusercontent.com/EndermanHD28/YDM-Ender-s-Anime-Addon/main/card_images/guerreiro_espiritual_ichigo_bankai.png"],   "type": "Monster",   "attribute": "DARK",   "atk": 2100,   "species": "Shinigami",   "monster_type": "Effect",   "is_pendulum": false,   "ability": "",   "has_effect": true,   "def": 1700,   "level": 5,   "is_tuner": false }