{   "id": 4705597258,   "name": "Guerreiro Espiritual: Zaraki Kenpachi",   "is_illegal": false,   "is_custom": false,   "text": "\"Guerreiro Espiritual: Byakuya Kuchiki\" + 1 \"Guerreiro Espiritual: Ichigo\"\nSe este for o \u00fanico monstro que voc\u00ea controla, este card n\u00e3o \u00e9 afetado por efeitos de cards do oponente. Este card causa dano de batalha perfurante. Durante o c\u00e1lculo de dano, se este card atacar um monstro em Posi\u00e7\u00e3o de Ataque: voc\u00ea pode desassociar 1 Mat\u00e9ria Xyz deste card; o dano de batalha \u00e9 triplicado. Se o seu oponente n\u00e3o controlar monstros com a face para cima, este card pode atacar diretamente. Se este card atacar diretamente, reduza seu ATK original em 1500 at\u00e9 o final da etapa de c\u00e1lculo de dano.",   "images": [     "https://raw.githubusercontent.com/EndermanHD28/YDM-Ender-s-Anime-Addon/main/card_images/guerreiro_espiritual_zaraki_kenpachi.png"   ],   "type": "Monster",   "attribute": "EARTH",   "atk": 3000,   "species": "Shinigami",   "monster_type": "XYZ/Effect",   "is_pendulum": false,   "ability": "",   "has_effect": true,   "def": 100,   "level": 8,   "is_tuner": false }