{
  "id": 13457,
  "name": "Guerreiro Espiritual: Hinamori",
  "is_illegal": false,
  "is_custom": false,
  "text": "Se voc\u00ea n\u00e3o controla monstros, voc\u00ea pode Invocar este card por Invoca\u00e7\u00e3o-Especial (da sua m\u00e3o). Se este card for Invocado por Invoca\u00e7\u00e3o-Normal ou Especial: voc\u00ea pode adicionar 1 \"Guerreiro Espiritual\" do seu Deck a sua m\u00e3o. Voc\u00ea s\u00f3 pode usar cada efeito de \"Guerreiro Espiritual: Hinamori\" uma vez por turno.",
  "images": [
    "https://raw.githubusercontent.com/EndermanHD28/YDM-Ender-s-Anime-Addon/main/card_images/guerreiro_espiritual_hinamori.png"
  ],
  "type": "Monster",
  "attribute": "EARTH",
  "atk": 1100,
  "species": "Shinigami",
  "monster_type": "",
  "is_pendulum": false,
  "ability": "",
  "has_effect": true,
  "def": 1200,
  "level": 3,
  "is_tuner": true
}