{
  "id": 92354,
  "name": "Guerreiro Espiritual: Renji (Bankai)",
  "is_illegal": false,
  "is_custom": false,
  "text": "S\u00f3 pode ser Invocado pelo efeito de \"Soul Society\" e n\u00e3o pode ser Invocado de nenhuma outra forma. Se este card destruir um monstro do oponente em batalha: aumente o ATK deste card em 200 (m\u00e1x. 1400). Se este card for destru\u00eddo por um efeito de card do oponente: voc\u00ea pode escolher 1 monstro que seu oponente controla; destrua-o.",
  "images": [
    "https://raw.githubusercontent.com/EndermanHD28/YDM-Ender-s-Anime-Addon/main/card_images/guerreiro_espiritual_renji_bankai.png"
  ],
  "type": "Monster",
  "attribute": "EARTH",
  "atk": 2300,
  "species": "Shinigami",
  "monster_type": "",
  "is_pendulum": false,
  "ability": "",
  "has_effect": true,
  "def": 1800,
  "level": 6,
  "is_tuner": false
}