﻿{
    "id":  18677197,
    "name":  "Guerreiro Espiritual: Hitsugaya (Bankai)",
    "is_illegal":  false,
    "is_custom":  false,
    "text":  "1 Regulador + 1+ monstros não-Reguladores\nUma vez por turno, você pode escolher 1 card com a face para cima que você controla; equipe esse alvo a este card. Este card ganha 400 de ATK para cada card equipado a ele pelo seu próprio efeito. Quando este card declarar um ataque em um monstro que seu oponente controla: você pode mudar esse monstro do oponente para a Posição de Defesa e, se isso acontecer, o DEF dele se torna 0. Se este card atacar um monstro em Posição de Defesa, cause dano de batalha perfurante.",
    "images":  [

               ],
    "type":  "Monster",
    "attribute":  "WATER",
    "atk":  2200,
    "species":  "Shinigami",
    "monster_type":  "Synchro/Effect",
    "is_pendulum":  false,
    "ability":  "",
    "has_effect":  true,
    "def":  0,
    "level":  7,
    "is_tuner":  false
}
