{
  "id": 23472,
  "name": "Guerreiro Espiritual: Ichigo (Bankai)",
  "is_illegal": false,
  "is_custom": false,
  "text": "Uma vez por turno, voce pode enviar 1 \"Guerreiro Espiritual: Ichigo\" do seu campo para o Cemiterio; Invoque este card por Invocacao-Especial. Se este card for Invocado por seu proprio efeito: adicione 1 \"Guerreiro Espiritual: Ichigo (Hollowficado)\" do seu Deck a sua mao.",
  "images": [
    "https://raw.githubusercontent.com/EndermanHD28/YDM-Ender-s-Anime-Addon/main/card_images/guerreiro_espiritual_ichigo_bankai.png"
  ],
  "type": "Monster",
  "attribute": "DARK",
  "atk": 2100,
  "species": "Shinigami",
  "monster_type": "",
  "is_pendulum": false,
  "ability": "",
  "has_effect": true,
  "def": 1700,
  "level": 5,
  "is_tuner": false
}