{
  "id": 235896,
  "name": "Guerreiro Espiritual: Uryuu",
  "is_illegal": false,
  "is_custom": false,
  "text": "Caso este card esteja no seu Cemit\u00e9rio: voc\u00ea pode banir este card; adicione 1 \"Guerreiro Espiritual: Ichigo\" do seu Deck para sua m\u00e3o. Voc\u00ea s\u00f3 pode ativar o efeito de \"Guerreiro Espiritual: Uryuu\" uma vez por turno.",
  "images": [
    "https://raw.githubusercontent.com/EndermanHD28/YDM-Ender-s-Anime-Addon/main/card_images/guerreiro_espiritual_uryuu.png"
  ],
  "type": "Monster",
  "attribute": "LIGHT",
  "atk": 1200,
  "species": "Shinigami",
  "monster_type": "",
  "is_pendulum": false,
  "ability": "",
  "has_effect": true,
  "def": 1700,
  "level": 3,
  "is_tuner": true
}