{   "id": 7687979,   "name": "Guerreiro Espiritual: Hitsugaya",   "is_illegal": false,   "is_custom": false,   "text": "Se voc\u00ea controlar \"Soul Society\": voc\u00ea pode Invocar este card por Invoca\u00e7\u00e3o-Especial da sua m\u00e3o. Voc\u00ea n\u00e3o pode Invocar monstros por Invoca\u00e7\u00e3o-Especial no turno em que ativar este efeito, exceto monstros \"Espiritual\". Voc\u00ea s\u00f3 pode usar este efeito de \"Guerreiro Espiritual: Hitsugaya\" uma vez por turno.",   "images": ["https://raw.githubusercontent.com/EndermanHD28/YDM-Ender-s-Anime-Addon/main/card_images/guerreiro_espiritual_hitsugaya.png"],   "type": "Monster",   "attribute": "WATER",   "atk": 1900,   "species": "Shinigami",   "monster_type": "Effect",   "is_pendulum": false,   "ability": "",   "has_effect": true,   "def": 2000,   "level": 5,   "is_tuner": false }