{
  "id": 34590,
  "name": "Guerreiro Espiritual: Ichigo",
  "is_illegal": false,
  "is_custom": false,
  "text": "Se este card for Invocado por Invocacao-Normal: voce pode Invocar por Invocacao-Especial 1 monstro \"Espiritual\" de Nivel 4 ou menos da sua mao.",
  "images": [
    "https://raw.githubusercontent.com/EndermanHD28/YDM-Ender-s-Anime-Addon/main/card_images/guerreiro_espiritual_ichigo.png"
  ],
  "type": "Monster",
  "attribute": "LIGHT",
  "atk": 1700,
  "species": "Shinigami",
  "monster_type": "",
  "is_pendulum": false,
  "ability": "",
  "has_effect": true,
  "def": 1500,
  "level": 4,
  "is_tuner": false
}