{
  "id": 24569,
  "name": "Guerreiro Espiritual: Byakuya",
  "is_illegal": false,
  "is_custom": false,
  "text": "Se este card for Invocado por Invocacao-Normal ou Especial: voce pode adicionar 1 \"Bankai: Senbonzakura Kageyoshi\" do seu Deck a sua mao. Se este card for destruido em batalha ou por um efeito de card do oponente e enviado para o Cemiterio: você pode revelar 1 \"Bankai: Senbonzakura Kageyoshi\" na sua mao; compre 1 card e, depois, se o card comprado for um monstro \"Espiritual\", voce pode Invoca-lo por Invocacao-Especial em Posicao de Ataque.",
  "images": [
    "https://raw.githubusercontent.com/EndermanHD28/YDM-Ender-s-Anime-Addon/main/card_images/guerreiro_espiritual_byakuya.png"
  ],
  "type": "Monster",
  "attribute": "LIGHT",
  "atk": 2000,
  "species": "Shinigami",
  "monster_type": "",
  "is_pendulum": false,
  "ability": "",
  "has_effect": true,
  "def": 1200,
  "level": 5,
  "is_tuner": false
}