{   "id": 18677197,   "name": "Guerreiro Espiritual: Hitsugaya (Bankai)",   "is_illegal": false,   "is_custom": false,   "text": "1 Regulador + 1+ monstros n\u00e3o-Reguladores\nUma vez por turno, voc\u00ea pode escolher 1 card com a face para cima que voc\u00ea controla; equipe esse alvo a este card. Este card ganha 400 de ATK para cada card equipado a ele pelo seu pr\u00f3prio efeito. Quando este card declarar um ataque em um monstro que seu oponente controla: voc\u00ea pode mudar esse monstro do oponente para a Posi\u00e7\u00e3o de Defesa e, se isso acontecer, o DEF dele se torna 0. Se este card atacar um monstro em Posi\u00e7\u00e3o de Defesa, cause dano de batalha perfurante.",   "images": [     "https://raw.githubusercontent.com/EndermanHD28/YDM-Ender-s-Anime-Addon/main/card_images/guerreiro_espiritual_hitsugaya_bankai.png"   ],   "type": "Monster",   "attribute": "WATER",   "atk": 2200,   "species": "Shinigami",   "monster_type": "Synchro/Effect",   "is_pendulum": false,   "ability": "",   "has_effect": true,   "def": 0,   "level": 7,   "is_tuner": false }