{   "id": 34590,   "name": "Guerreiro Espiritual: Ichigo",   "is_illegal": false,   "is_custom": false,   "text": "Se este card for Invocado por Invoca\u00e7\u00e3o-Normal: voc\u00ea pode Invocar por Invoca\u00e7\u00e3o-Especial 1 monstro \"Espiritual\" de N\u00edvel 4 ou menos da sua m\u00e3o.",   "images": [     "https://raw.githubusercontent.com/EndermanHD28/YDM-Ender-s-Anime-Addon/main/card_images/guerreiro_espiritual_ichigo.png"   ],   "type": "Monster",   "attribute": "LIGHT",   "atk": 1700,   "species": "Shinigami",   "monster_type": "",   "is_pendulum": false,   "ability": "",   "has_effect": true,   "def": 1500,   "level": 4,   "is_tuner": false }