{   "id": 94135791,   "name": "Guerreiro Espiritual: Kira",   "is_illegal": false,   "is_custom": false,   "text": "2 monstros \"Espiritual\"\nUma vez por turno: voc\u00ea pode escolher 1 monstro para o qual este card apontar; reduza o ATK desse monstro pela metade e, se isso acontecer, voc\u00ea pode Invocar por Invoca\u00e7\u00e3o-Especial 1 monstro \"Espiritual\" de N\u00edvel 4 ou menos do seu Cemit\u00e9rio, mas seus efeitos s\u00e3o negados at\u00e9 o final deste turno.",   "images": [     "https://raw.githubusercontent.com/EndermanHD28/YDM-Ender-s-Anime-Addon/main/card_images/guerreiro_espiritual_kira.png"   ],   "type": "Monster",   "attribute": "WIND",   "atk": 1600,   "species": "Shinigami",   "monster_type": "Link/Effect",   "is_pendulum": false,   "ability": "",   "has_effect": true,   "def": 0,   "level": 0,   "link_rating": 2,   "link_arrows": ["Bottom", "Right"],   "is_tuner": false }