{
  "id": 396780,
  "name": "Guerreiro Espiritual: Hitsugaya",
  "is_illegal": false,
  "is_custom": false,
  "text": "Se voce controlar \"Soul Society\": voce pode Invocar este card por Invocacao-Especial da sua mao. Voce nao pode Invocar monstros por Invocacao-Especial no turno em que ativar este efeito, exceto monstros \"Espiritual\". Voce so pode usar este efeito de \"Guerreiro Espiritual: Hitsugaya\" uma vez por turno.",
  "images": [
    "https://raw.githubusercontent.com/EndermanHD28/YDM-Ender-s-Anime-Addon/main/card_images/guerreiro_espiritual_hitsugaya.png"
  ],
  "type": "Monster",
  "attribute": "WATER",
  "atk": 1900,
  "species": "Shinigami",
  "monster_type": "",
  "is_pendulum": false,
  "ability": "",
  "has_effect": true,
  "def": 2000,
  "level": 5,
  "is_tuner": false
}