﻿{
    "id":  4705597258,
    "name":  "Guerreiro Espiritual: Zaraki Kenpachi",
    "is_illegal":  false,
    "is_custom":  false,
    "text":  "\"Guerreiro Espiritual: Byakuya Kuchiki\" + 1 \"Guerreiro Espiritual: Ichigo\"\nSe este for o único monstro que você controla, este card não é afetado por efeitos de cards do oponente. Este card causa dano de batalha perfurante. Durante o cálculo de dano, se este card atacar um monstro em Posição de Ataque: você pode desassociar 1 Matéria Xyz deste card; o dano de batalha é triplicado. Se o seu oponente não controlar monstros com a face para cima, este card pode atacar diretamente. Se este card atacar diretamente, reduza seu ATK original em 1500 até o final da etapa de cálculo de dano.",
    "images":  [
                   "https://raw.githubusercontent.com/EndermanHD28/YDM-Ender-s-Anime-Addon/main/card_images/guerreiro_espiritual_zaraki_kenpachi.png"
               ],
    "type":  "Monster",
    "attribute":  "EARTH",
    "atk":  3000,
    "species":  "Shinigami",
    "monster_type":  "XYZ/Effect",
    "is_pendulum":  false,
    "ability":  "",
    "has_effect":  true,
    "def":  100,
    "level":  8,
    "is_tuner":  false
}
