{
  "id": 24569,
  "name": "Guerreiro Espiritual: Byakuya",
  "is_illegal": false,
  "is_custom": false,
  "text": "Se este card for Invocado por Invoca\u00e7\u00e3o-Normal ou Especial: voc\u00ea pode adicionar 1 \"Bankai: Senbonzakura Kageyoshi\" do seu Deck a sua m\u00e3o. Se este card for destru\u00eddo em batalha ou por um efeito de card do oponente e enviado para o Cemit\u00e9rio: voc\u00ea pode revelar 1 \"Bankai: Senbonzakura Kageyoshi\" na sua m\u00e3o; compre 1 card e, depois, se o card comprado for um monstro \"Espiritual\", voc\u00ea pode Invoca-lo por Invoca\u00e7\u00e3o-Especial em Posi\u00e7\u00e3o de Ataque.",
  "images": [
    "https://raw.githubusercontent.com/EndermanHD28/YDM-Ender-s-Anime-Addon/main/card_images/guerreiro_espiritual_byakuya.png"
  ],
  "type": "Monster",
  "attribute": "LIGHT",
  "atk": 2000,
  "species": "Shinigami",
  "monster_type": "",
  "is_pendulum": false,
  "ability": "",
  "has_effect": true,
  "def": 1200,
  "level": 5,
  "is_tuner": false
}