{   "id": 6151871,   "name": "Guerreiro Espiritual: Neo Ichigo",   "is_illegal": false,   "is_custom": false,   "text": "Se este card for Invocado por Invoca\u00e7\u00e3o: voc\u00ea pode ativar 1 dos seguintes efeitos.\n\u25cf (Efeito R\u00e1pido): Durante a Fase de Batalha, este card pode realizar um segundo ataque contra monstros, mas seu ATK se torna o seu ATK original - 400 at\u00e9 o final da Etapa de Dano.\n\u25cf Se este card que voc\u00ea controla for destru\u00eddo em batalha ou por um efeito de card do oponente e enviado para o Cemit\u00e9rio: voc\u00ea pode Invocar por Invoca\u00e7\u00e3o-Especial at\u00e9 2 monstros \"Guerreiro Espiritual\" de N\u00edvel 4 ou menos do seu Cemit\u00e9rio, exceto \"Guerreiro Espiritual: Neo Ichigo\". Os efeitos dos monstros Invocados por este efeito s\u00e3o negados. Voc\u00ea s\u00f3 pode usar este efeito de \"Guerreiro Espiritual: Neo Ichigo\" uma vez por turno.",   "images": ["https://raw.githubusercontent.com/EndermanHD28/YDM-Ender-s-Anime-Addon/main/card_images/guerreiro_espiritual_neo_ichigo.png"],   "type": "Monster",   "attribute": "LIGHT",   "atk": 2800,   "species": "Shinigami",   "monster_type": "Synchro/Effect",   "is_pendulum": false,   "ability": "",   "has_effect": true,   "def": 1500,   "level": 7,   "is_tuner": false }