{
  "id": 90345,
  "name": "Guerreiro Espiritual: Renji",
  "is_illegal": false,
  "is_custom": false,
  "text": "Se este card for destruido em batalha ou por um efeito de card e enviado para o Cemiterio: voce pode adicionar 1 \"Soul Society\" do seu Deck a sua mao. Voce so pode usar este efeito de \"Guerreiro Espiritual: Renji\" uma vez por turno.",
  "images": [
    "https://raw.githubusercontent.com/EndermanHD28/YDM-Ender-s-Anime-Addon/main/card_images/guerreiro_espiritual_renji.png"
  ],
  "type": "Monster",
  "attribute": "EARTH",
  "atk": 1600,
  "species": "Shinigami",
  "monster_type": "",
  "is_pendulum": false,
  "ability": "",
  "has_effect": true,
  "def": 1300,
  "level": 4,
  "is_tuner": false
}