﻿{
    "id":  6151871,
    "name":  "Guerreiro Espiritual: Neo Ichigo",
    "is_illegal":  false,
    "is_custom":  false,
    "text":  "Se este card for Invocado por Invocação-Sincro: você pode ativar 1 dos seguintes efeitos.\n● (Efeito Rápido): Durante a Fase de Batalha, este card pode realizar um segundo ataque contra monstros, mas seu ATK se torna o seu ATK original - 400 até o final da Fase de Dano.\n● Se este card que você controla for destruído em batalha ou por um efeito de card do oponente e enviado para o seu Cemitério: você pode Invocar por Invocação-Especial até 2 monstros \"Guerreiro Espiritual\" de Nível 4 ou menos do seu Cemitério, exceto \"Guerreiro Espiritual: Neo Ichigo\". Os efeitos dos monstros Invocados por este efeito são negados. Você só pode usar este efeito de \"Guerreiro Espiritual: Neo Ichigo\" uma vez por turno.",
    "images":  [

               ],
    "type":  "Monster",
    "attribute":  "LIGHT",
    "atk":  2800,
    "species":  "Shinigami",
    "monster_type":  "Synchro/Effect",
    "is_pendulum":  false,
    "ability":  "",
    "has_effect":  true,
    "def":  1500,
    "level":  6,
    "is_tuner":  false
}
