{
  "id": 54785,
  "name": "Guerreiro Espiritual: Renji",
  "is_illegal": false,
  "is_custom": false,
  "text": "Se este card for destru\u00eddo em batalha ou por um efeito de card e enviado para o Cemit\u00e9rio: voc\u00ea pode adicionar 1 \"Soul Society\" do seu Deck a sua m\u00e3o. Voc\u00ea s\u00f3 pode usar este efeito de \"Guerreiro Espiritual: Renji\" uma vez por turno.",
  "images": [
    "https://raw.githubusercontent.com/EndermanHD28/YDM-Ender-s-Anime-Addon/main/card_images/guerreiro_espiritual_renji.png"
  ],
  "type": "Monster",
  "attribute": "EARTH",
  "atk": 1600,
  "species": "Shinigami",
  "monster_type": "",
  "is_pendulum": false,
  "ability": "",
  "has_effect": true,
  "def": 1300,
  "level": 4,
  "is_tuner": false
}