﻿{
    "id":  94135791,
    "name":  "Guerreiro Espiritual: Kira",
    "is_illegal":  false,
    "is_custom":  false,
    "text":  "Uma vez por turno: você pode escolher 1 monstro para o qual este card apontar; reduza o ATK desse monstro pela metade e, se isso acontecer, você pode Invocar por Invocação-Especial 1 monstro \"Espiritual\" de Nível 4 ou menos do seu Cemitério, mas seus efeitos são negados até o final deste turno.",
    "images":  [

               ],
    "type":  "Monster",
    "attribute":  "WIND",
    "atk":  1600,
    "species":  "Shinigami",
    "monster_type":  "Link/Effect",
    "is_pendulum":  false,
    "ability":  "",
    "has_effect":  true,
    "def":  0,
    "level":  0,
    "link_rating":  2,
    "link_arrows":  [
                        "Bottom",
                        "Right"
                    ],
    "is_tuner":  false
}
