{
  "id": 134759,
  "name": "Guerreiro Espiritual: Yamamoto",
  "is_illegal": false,
  "is_custom": false,
  "text": "Caso este card seja destru\u00eddo em batalha: destrua todos os monstros no campo. Voc\u00ea s\u00f3 pode usar este efeito de \"Guerreiro Espiritual: Yamamoto\" uma vez por Duelo.",
  "images": [
    "https://raw.githubusercontent.com/EndermanHD28/YDM-Ender-s-Anime-Addon/main/card_images/guerreiro_espiritual_yamamoto.png"
  ],
  "type": "Monster",
  "attribute": "FIRE",
  "atk": 3200,
  "species": "Shinigami",
  "monster_type": "",
  "is_pendulum": false,
  "ability": "",
  "has_effect": true,
  "def": 2400,
  "level": 7,
  "is_tuner": false
}