{
  "id": 34590,
  "name": "Guerreiro Espiritual: Ichigo",
  "is_illegal": false,
  "is_custom": false,
  "text": "Se este card estiver no Cemitério: você pode bani-lo e enviar os 3 cards do topo do seu Deck para o Cemitério; Invoque por Invocação-Especial 1 \"Monstro Espiritual: Ichigo (Vasto Lorde)\" do seu Deck. Você só pode usar este efeito de \"Guerreiro Espiritual: Ichigo\" uma vez por turno.",
  "images": [
    "https://images.ygoprodeck.com/images/cards/8949584.jpg"
  ],
  "type": "Monster",
  "attribute": "LIGHT",
  "atk": 1700,
  "species": "Shinigami",
  "monster_type": "",
  "is_pendulum": false,
  "ability": "",
  "has_effect": true,
  "def": 1500,
  "level": 4,
  "is_tuner": false
}