{
  "id": 13457,
  "name": "Guerreiro Espiritual: Hinamori",
  "is_illegal": false,
  "is_custom": false,
  "text": "Se voce nao controla monstros, voce pode Invocar este card por Invocacao-Especial (da sua mao). Se este card for Invocado por Invocacao-Normal ou Especial: voce pode adicionar 1 \"Guerreiro Espiritual\" do seu Deck a sua mao. Voce so pode usar cada efeito de \"Guerreiro Espiritual: Hinamori\" uma vez por turno.",
  "images": [
    "https://raw.githubusercontent.com/EndermanHD28/YDM-Ender-s-Anime-Addon/main/card_images/guerreiro_espiritual_hinamori.png"
  ],
  "type": "Monster",
  "attribute": "EARTH",
  "atk": 1100,
  "species": "Shinigami",
  "monster_type": "",
  "is_pendulum": false,
  "ability": "",
  "has_effect": true,
  "def": 1200,
  "level": 3,
  "is_tuner": true
}