{   "id": 56257725,   "name": "Ichigo (Mugetsu), Portador da Escurid\u00e3o",   "is_illegal": false,   "is_custom": false,   "text": "2 monstros \"Espiritual\" de N\u00edvel 7\nEnquanto seu oponente controlar um monstro com a face para cima, este card n\u00e3o pode ser destru\u00eddo por efeitos de card. Voc\u00ea s\u00f3 pode usar cada um dos seguintes efeitos de \"Ichigo (Mugetsu), Portador da Escurid\u00e3o\" uma vez por turno.\n\u25cf Voc\u00ea pode desassociar 1 mat\u00e9ria deste card; destrua todos os monstros em Posi\u00e7\u00e3o de Ataque que seu oponente controla e, se isso acontecer, inflija 1000 de dano ao seu oponente para cada monstro destru\u00eddo por este efeito. Voc\u00ea n\u00e3o pode conduzir sua Fase de Batalha nem Invocar monstros por Invoca\u00e7\u00e3o-Especial no turno em que ativar este efeito.\n\u25cf Se este card for destru\u00eddo em batalha e enviado para o Cemit\u00e9rio: voc\u00ea pode destruir todos os monstros no campo. Os efeitos dos seus monstros enviados para o Cemit\u00e9rio por este efeito s\u00e3o negados at\u00e9 o final deste turno.",   "images": [     "https://raw.githubusercontent.com/EndermanHD28/YDM-Ender-s-Anime-Addon/main/card_images/ichigo_mugetsu_portador_da_escuridao.png"   ],   "type": "Monster",   "attribute": "DARK",   "atk": 0,   "species": "Shinigami",   "monster_type": "XYZ/Effect",   "is_pendulum": false,   "ability": "",   "has_effect": true,   "def": 0,   "level": 7,   "is_tuner": false }