﻿{
    "id":  56257725,
    "name":  "Ichigo (Mugetsu), Portador da Escuridão",
    "is_illegal":  false,
    "is_custom":  false,
    "text":  "2 monstros \"Espiritual\" de Nível 7\nEnquanto seu oponente controlar um monstro com a face para cima, este card não pode ser destruído por efeitos de card. Você só pode usar cada um dos seguintes efeitos de \"Ichigo (Mugetsu), Portador da Escuridão\" uma vez por turno.\n● Você pode desassociar 1 matéria deste card; destrua todos os monstros em Posição de Ataque que seu oponente controla e, se isso acontecer, inflija 1000 de dano ao seu oponente para cada monstro destruído por este efeito. Você não pode conduzir sua Fase de Batalha nem Invocar monstros por Invocação-Especial no turno em que ativar este efeito.\n● Se este card for destruído em batalha e enviado para o Cemitério: você pode destruir todos os monstros no campo. Os efeitos dos seus monstros enviados para o Cemitério por este efeito são negados até o final deste turno.",
    "images":  [

               ],
    "type":  "Monster",
    "attribute":  "DARK",
    "atk":  0,
    "species":  "Shinigami",
    "monster_type":  "XYZ/Effect",
    "is_pendulum":  false,
    "ability":  "",
    "has_effect":  true,
    "def":  0,
    "level":  7,
    "is_tuner":  false
}
