{   "id": 2107024014,   "name": "Jun\u00e7\u00e3o de Almas G\u00eameas",   "is_illegal": false,   "is_custom": false,   "text": "Se um monstro que voc\u00ea controla seria destru\u00eddo por um efeito de monstro: Invoque por Invoca\u00e7\u00e3o-Especial 1 \"Goku Black, Justiceiro Divino\" do seu Deck e, se isso acontecer, negue o efeito e destrua o card que selecionou o monstro como alvo.",   "images": ["https://raw.githubusercontent.com/EndermanHD28/YDM-Ender-s-Anime-Addon/main/card_images/juncao_de_almas_gemeas.png"],   "type": "Trap",   "trap_type": "Counter" }