{   "id": 56340526,   "name": "Kaidou da Antiga Gera\u00e7\u00e3o",   "is_illegal": false,   "is_custom": false,   "text": "N\u00e3o pode ser Invocado por Invoca\u00e7\u00e3o-Normal/Baixado. Deve ser Invocado por Invoca\u00e7\u00e3o-Especial pelo efeito de \"Bem Vindo, Joy Boy!\" e n\u00e3o pode ser Invocado por Invoca\u00e7\u00e3o-Especial de nenhuma outra forma. Este card com a face para cima no campo n\u00e3o pode ser destru\u00eddo por efeitos de card.",   "images": ["https://raw.githubusercontent.com/EndermanHD28/YDM-Ender-s-Anime-Addon/main/card_images/kaidou_da_antiga_geracao.png"],   "type": "Monster",   "attribute": "EARTH",   "atk": 3000,   "species": "Besta-Guerreira",   "monster_type": "Effect",   "is_pendulum": false,   "ability": "",   "has_effect": true,   "def": 3000,   "level": 9,   "is_tuner": false }