{   "id": 49244788,   "name": "Kaioken! Aumentar Poder!",   "is_illegal": false,   "is_custom": false,   "text": "Se um monstro que voc\u00ea controla seria destru\u00eddo em batalha: coloque 1 Marcador de Despertar nesse monstro e, se isso acontecer, ele ganha 1000 de ATK at\u00e9 o final deste turno e n\u00e3o \u00e9 destru\u00eddo por essa batalha. Enquanto esse monstro estiver com a face para cima no campo, ele n\u00e3o pode ser Tributado, nem ser usado como Mat\u00e9ria para uma Invoca\u00e7\u00e3o-Sincro, Xyz ou Link.",   "images": ["https://raw.githubusercontent.com/EndermanHD28/YDM-Ender-s-Anime-Addon/main/card_images/kaioken_aumentar_poder.png"],   "type": "Trap",   "trap_type": "Normal" }