{
  "id": 11520338,
  "name": "K\u014dtotsu, Limpador do Dangai",
  "is_illegal": false,
  "is_custom": false,
  "text": "N\u00e3o pode ser Invocado por Invoca\u00e7\u00e3o-Normal/Baixado. Deve ser Invocado por Invoca\u00e7\u00e3o-Especial (da sua m\u00e3o) ao banir 3 cards \"Espiritual\" da sua m\u00e3o e/ou campo. Se voc\u00ea controlar outro monstro, destrua este card. N\u00e3o pode ser destru\u00eddo em batalha e, al\u00e9m disso, voc\u00ea n\u00e3o sofre dano de batalha de ataques envolvendo este card. Uma vez por turno: voc\u00ea pode banir todos os outros monstros no campo.",
  "images": [
    "https://raw.githubusercontent.com/EndermanHD28/YDM-Ender-s-Anime-Addon/main/card_images/kototsu_limpador_do_dangai.png"
  ],
  "type": "Monster",
  "attribute": "DARK",
  "atk": 0,
  "species": "Entidade de Raz\u00e3o",
  "monster_type": "Effect",
  "is_pendulum": false,
  "ability": "",
  "has_effect": true,
  "def": 0,
  "level": 10,
  "is_tuner": false
}