﻿{
    "id":  2533837600,
    "name":  "Kōtotsu, Limpador do Dangai",
    "is_illegal":  false,
    "is_custom":  false,
    "text":  "Este card só pode ser Invocado ao banir 3 \"Soul Society\" e/ou \"Las Noches\" do Cemitério. Este card não pode ser destruído em batalha e, além disso, uma vez por turno, caso este card seria destruído por um efeito de card do oponente, você pode banir 1 card do topo do seu Deck; cancele a ativação do card e, se isso acontecer, destrua-o. Este card só pode batalhar com o primeiro monstro que seu oponente declarou. Outros monstros seus não podem atacar no turno em que este monstro atacou. Caso este card batalhe um monstro em Posição de Ataque, cause dano ao oponente igual ao ATK do monstro destruído. Você não toma dano em batalhas nas quais este card esteja atacando ou sendo atacado. Este card pode atacar até 3 vezes por Fase de Batalha. Caso este card batalhe um monstro em Posição de Defesa, bana esse monstro e encerre sua Fase de Batalha.",
    "images":  [
                   "https://raw.githubusercontent.com/EndermanHD28/YDM-Ender-s-Anime-Addon/main/card_images/kototsu_limpador_do_dangai.png"
               ],
    "type":  "Monster",
    "attribute":  "DARK",
    "atk":  0,
    "species":  "Entidade de Razão",
    "monster_type":  "Effect",
    "is_pendulum":  false,
    "ability":  "",
    "has_effect":  true,
    "def":  0,
    "level":  10,
    "is_tuner":  false
}
