{   "id": 7481036,   "name": "Las Noches",   "is_illegal": false,   "is_custom": false,   "text": "No turno em que voc\u00ea ativar um dos efeitos de \"Las Noches\", voc\u00ea n\u00e3o pode ativar \"Soul Society\", nem os seus efeitos. Uma vez por turno, voc\u00ea pode ativar 1 dos seguintes efeitos:\n\u25cf Revele 1 card \"Espiritual\" da sua m\u00e3o; Invoque por Invoca\u00e7\u00e3o-Especial 1 monstro \"Espiritual\" do seu Cemit\u00e9rio em Posi\u00e7\u00e3o de Defesa. O ATK/DEF desse monstro se tornam 0. Se o monstro Invocado n\u00e3o for um monstro \"Monstro Espiritual\", negue seus efeitos no campo.\n\u25cf Envie 1 monstro \"Espiritual\" que voc\u00ea controla para o Cemit\u00e9rio; adicione 1 \"Monstro Espiritual: Aizen\" do seu Deck a sua m\u00e3o.",   "images": [     "https://raw.githubusercontent.com/EndermanHD28/YDM-Ender-s-Anime-Addon/main/card_images/las_noches.png"   ],   "type": "Spell",   "spell_type": "Field" }