{
  "id": 83542,
  "name": "Las Noches",
  "is_illegal": false,
  "is_custom": false,
  "text": "No turno em que voce ativar um dos efeitos de \"Las Noches\", voce nao pode ativar \"Soul Society\", nem os seus efeitos. Uma vez por turno, voce pode ativar 1 dos seguintes efeitos:\n● Revele 1 card \"Espiritual\" da sua mao; Invoque por Invocacao-Especial 1 monstro \"Espiritual\" do seu Cemiterio em Posicao de Defesa. O ATK/DEF desse monstro se tornam 0. Se o monstro Invocado nao for um monstro \"Monstro Espiritual\", negue seus efeitos no campo.\n● Envie 1 monstro \"Espiritual\" que voce controla para o Cemiterio; adicione 1 \"Monstro Espiritual: Aizen\" do seu Deck a sua mao.",
  "images": [
    "https://raw.githubusercontent.com/EndermanHD28/YDM-Ender-s-Anime-Addon/main/card_images/las_noches.png"
  ],
  "type": "Spell",
  "spell_type": "Field"
}