{   "id": 46158513,   "name": "Libera\u00e7\u00e3o Imagin\u00e1ria da Bankai",   "is_illegal": false,   "is_custom": false,   "text": "Escolha 1 monstro \"Guerreiro Espiritual\" que voc\u00ea controla como alvo; se esse alvo estiver em Posi\u00e7\u00e3o de Defesa, mude-o para Posi\u00e7\u00e3o de Ataque e, al\u00e9m disso, at\u00e9 o final deste turno, esse monstro com a face para cima n\u00e3o pode ser destru\u00eddo em batalha.",   "images": [     "https://raw.githubusercontent.com/EndermanHD28/YDM-Ender-s-Anime-Addon/main/card_images/liberacao_imaginaria_da_bankai.png"   ],   "type": "Trap",   "trap_type": "Normal" }