﻿{
    "id":  46158513,
    "name":  "Liberação Imaginária da Bankai",
    "is_illegal":  false,
    "is_custom":  false,
    "text":  "Escolha 1 monstro \"Guerreiro Espiritual\" que você controla como alvo; se esse alvo estiver em Posição de Defesa, mude-o para Posição de Ataque e, além disso, até o final deste turno, esse monstro com a face para cima não pode ser destruído em batalha.",
    "images":  [

               ],
    "type":  "Trap",
    "trap_type":  "Normal"
}
