{   "id": 7126848712,   "name": "Manifesta\u00e7\u00e3o do Ki Divino",   "is_illegal": false,   "is_custom": false,   "text": "Bana 1 monstro \"Divindade\" da sua m\u00e3o, do campo ou do Cemit\u00e9rio; aplique 1 dos seguintes efeitos.\n\u25cf Se voc\u00ea n\u00e3o controla \"Goku Black, Justiceiro Divino\": escolha 1 monstro com a face para cima que seu oponente controla; o ATK dele se torna 0 at\u00e9 o final deste turno.\n\u25cf Se voc\u00ea controla \"Goku Black, Justiceiro Divino\": escolha 1 Magia/Armadilha que seu oponente controla; envie-a para o Cemit\u00e9rio. Seu oponente n\u00e3o pode ativar cards ou efeitos de Magia/Armadilha em resposta \u00e0 ativa\u00e7\u00e3o deste card.\nVoc\u00ea s\u00f3 pode ativar 1 \"Manifesta\u00e7\u00e3o do Ki Divino\" por turno.",   "images": ["https://raw.githubusercontent.com/EndermanHD28/YDM-Ender-s-Anime-Addon/main/card_images/manifestacao_do_ki_divino.png"],   "type": "Spell",   "spell_type": "Quick-Play" }