{   "id": 95169208,   "name": "Manipulador do Inferno, Janemba",   "is_illegal": false,   "is_custom": false,   "text": "1 Regulador de TERRA + 1 monstro de TREVAS n\u00e3o-Regulador\nUma vez por turno (Efeito R\u00e1pido): voc\u00ea pode escolher como alvo 1 monstro que seu oponente controla; bana-o at\u00e9 a Fase Final. Quando esse monstro retornar ao campo, coloque-o com a face para baixo em Posi\u00e7\u00e3o de Defesa. Se este card for destru\u00eddo e enviado para o Cemit\u00e9rio: voc\u00ea pode adicionar 1 \"A Fus\u00e3o Milagrosa\" do seu Deck \u00e0 sua m\u00e3o.",   "images": ["https://raw.githubusercontent.com/EndermanHD28/YDM-Ender-s-Anime-Addon/main/card_images/manipulador_do_inferno_janemba.png"],   "type": "Monster",   "attribute": "DARK",   "atk": 2400,   "species": "Dem\u00f4nio",   "monster_type": "Synchro/Effect",   "is_pendulum": false,   "ability": "",   "has_effect": true,   "def": 800,   "level": 7,   "is_tuner": false }