{   "id": 42268813,   "name": "M\u00e1quina do Tempo, Salve-nos!",   "is_illegal": false,   "is_custom": false,   "text": "Voc\u00ea pode usar cada um dos seguintes efeitos de \"M\u00e1quina do Tempo, Salve-nos!\" uma vez por turno.\n\u25cf Escolha como alvo 1 monstro do Tipo Saiyajin ou Mago que voc\u00ea controla; declare um N\u00edvel de 1 a 12, e o N\u00edvel desse monstro se torna o N\u00edvel declarado at\u00e9 o final deste turno.\n\u25cf Voc\u00ea pode embaralhar no Deck 1 \"Esperan\u00e7a do Futuro\" que voc\u00ea controla; Invoque por Invoca\u00e7\u00e3o-Especial 1 monstro do seu Deck com o mesmo N\u00edvel que esse monstro tinha no campo e, se isso acontecer, equipe este card a ele. O monstro equipado \u00e9 destru\u00eddo se este card deixar o campo.",   "images": ["https://raw.githubusercontent.com/EndermanHD28/YDM-Ender-s-Anime-Addon/main/card_images/maquina_do_tempo_salve_nos.png"],   "type": "Monster",   "attribute": "LIGHT",   "atk": 0,   "species": "M\u00e1quina",   "monster_type": "Tuner/Effect",   "is_pendulum": false,   "ability": "",   "has_effect": true,   "def": 1800,   "level": 3,   "is_tuner": true }