{   "id": 98369318,   "name": "Marco da Antiga Gera\u00e7\u00e3o",   "is_illegal": false,   "is_custom": false,   "text": "(Efeito R\u00e1pido): Voc\u00ea pode escolher 1 monstro com a face para cima que voc\u00ea controla; equipe este card da sua m\u00e3o a esse alvo. O monstro equipado ganha 1000 de ATK at\u00e9 o final deste turno. Durante a Fase Final, se este card foi equipado pelo seu pr\u00f3prio efeito neste turno: Invoque por Invoca\u00e7\u00e3o-Especial da sua Zona de Magias & Armadilhas.",   "images": ["https://raw.githubusercontent.com/EndermanHD28/YDM-Ender-s-Anime-Addon/main/card_images/marco_da_antiga_geracao.png"],   "type": "Monster",   "attribute": "FIRE",   "atk": 2300,   "species": "Besta Alada",   "monster_type": "Effect",   "is_pendulum": false,   "ability": "",   "has_effect": true,   "def": 2500,   "level": 7,   "is_tuner": false }