{   "id": 80023971,   "name": "Maremoto da Antiga Gera\u00e7\u00e3o",   "is_illegal": false,   "is_custom": false,   "text": "N\u00e3o pode ser Invocado por Invoca\u00e7\u00e3o-Normal/Baixado. Deve ser Invocado por Invoca\u00e7\u00e3o-Especial pelo efeito de \"Road Poneglyph\" e n\u00e3o pode ser Invocado de nenhuma outra forma. Se este card for Invocado por Invoca\u00e7\u00e3o-Especial: voc\u00ea pode destruir todos os monstros com a face para cima que seu oponente controla. Voc\u00ea pode enviar este card do campo para o Cemit\u00e9rio; Invoque por Invoca\u00e7\u00e3o-Especial 1 \"Barba Branca, o Homem Mais Forte\" do seu Deck, mas o ATK dele se torna 0 at\u00e9 o final deste turno. Voc\u00ea s\u00f3 pode usar este efeito de \"Maremoto da Antiga Gera\u00e7\u00e3o\" uma vez por turno.",   "images": ["https://raw.githubusercontent.com/EndermanHD28/YDM-Ender-s-Anime-Addon/main/card_images/maremoto_da_antiga_geracao.png"],   "type": "Monster",   "attribute": "WIND",   "atk": 2200,   "species": "Mago",   "monster_type": "Effect",   "is_pendulum": false,   "ability": "",   "has_effect": true,   "def": 0,   "level": 7,   "is_tuner": false }