{   "id": 24754931,   "name": "Marine Ford, a Pris\u00e3o Absoluta",   "is_illegal": false,   "is_custom": false,   "text": "(Efeito R\u00e1pido): Voc\u00ea pode escolher 1 monstro \"Pior Gera\u00e7\u00e3o\" que voc\u00ea controla; coloque esse alvo na sua Zona de Magias & Armadilhas como uma Magia Cont\u00ednua com a face para cima. Voc\u00ea pode destruir 1 Card de Monstro \"Pior Gera\u00e7\u00e3o\" que voc\u00ea controla na sua Zona de Magias & Armadilhas; Invoque por Invoca\u00e7\u00e3o-Especial 1 monstro \"Pior Gera\u00e7\u00e3o\" da sua m\u00e3o. Se este card com a face para cima deixar o campo: Destrua todos os monstros que voc\u00ea controla na sua Zona de Magias & Armadilhas que foram colocados l\u00e1 pelo efeito deste card e, depois, voc\u00ea pode pagar 1000 PV; Invoque por Invoca\u00e7\u00e3o-Especial do seu Cemit\u00e9rio tantos monstros destru\u00eddos por este efeito quanto poss\u00edvel, mas seus ATK/DEF tornam-se 0 e eles t\u00eam seus efeitos negados. Voc\u00ea s\u00f3 pode usar cada efeito de \"Marine Ford, a Pris\u00e3o Absoluta\" uma vez por turno.",   "images": ["https://raw.githubusercontent.com/EndermanHD28/YDM-Ender-s-Anime-Addon/main/card_images/marine_ford_a_prisao_absoluta.png"],   "type": "Spell",   "spell_type": "Continuous" }