{   "id": 99634433,   "name": "Mecha Freeza revivido!",   "is_illegal": false,   "is_custom": false,   "text": "N\u00e3o pode ser Invocado por Invoca\u00e7\u00e3o-Normal/Baixado. Deve primeiro ser Invocado por Invoca\u00e7\u00e3o-Especial ao banir 1 \"Freeza, o Imperador em \u00daltima Forma\" do seu Deck Adicional e 3 monstros \"Freeza\" com nomes diferentes do seu Deck, m\u00e3o, campo e/ou Cemit\u00e9rio. Se Invocado desta forma, este card ganha os seguintes efeitos.\n\u25cf Uma vez por turno, a primeira vez que este card seria destru\u00eddo em batalha ou por um efeito de card, ele n\u00e3o \u00e9.\n\u25cf Se este card for enviado ao Cemit\u00e9rio: voc\u00ea pode banir todos os outros cards da sua m\u00e3o, campo e Cemit\u00e9rio; Invoque por Invoca\u00e7\u00e3o-Especial 1 do seu \"Freeza, o Imperador em \u00daltima Forma\" que estiverem banidos.",   "images": ["https://raw.githubusercontent.com/EndermanHD28/YDM-Ender-s-Anime-Addon/main/card_images/mecha_freeza_revivido.png"],   "type": "Monster",   "attribute": "EARTH",   "atk": 2700,   "species": "M\u00e1quina",   "monster_type": "Effect",   "is_pendulum": false,   "ability": "",   "has_effect": true,   "def": 2700,   "level": 7,   "is_tuner": false }