{   "id": 7610443390,   "name": "Mirai Gohan (Ssj)",   "is_illegal": false,   "is_custom": false,   "text": "Voc\u00ea pode Invocar este card por Invoca\u00e7\u00e3o-Especial ao banir 1 \"Anel do Tempo\" da sua m\u00e3o ou Deck. Caso este card em Posi\u00e7\u00e3o de Ataque seja alvo de um ataque e seria destru\u00eddo em batalha por um monstro do oponente: voc\u00ea pode coloc\u00e1-lo em Posi\u00e7\u00e3o de Defesa; al\u00e9m disso, Invoque por Invoca\u00e7\u00e3o-Especial 1 \"Mirai Trunks (Ssj2)\" do seu Deck e, se isso acontecer, negue o ataque.",   "images": ["https://raw.githubusercontent.com/EndermanHD28/YDM-Ender-s-Anime-Addon/main/card_images/mirai_gohan_ssj.png"],   "type": "Monster",   "attribute": "EARTH",   "atk": 2100,   "species": "Saiyajin",   "monster_type": "Effect",   "is_pendulum": false,   "ability": "",   "has_effect": true,   "def": 900,   "level": 5,   "is_tuner": false }