{   "id": 6421630048,   "name": "Mirai Trunks (Ssj2)",   "is_illegal": false,   "is_custom": false,   "text": "Portando o futuro em suas m\u00e3os, Mirai Trunks foi o \u00fanico Guerreiro Z sobrevivente no futuro destru\u00eddo por Black. Seu n\u00edvel de Super Saiyajin 2 \u00e9 acima do comum, tornando-o um guerreiro com poder devastador.",   "images": ["https://raw.githubusercontent.com/EndermanHD28/YDM-Ender-s-Anime-Addon/main/card_images/mirai_trunks_ssj2.png"],   "type": "Monster",   "attribute": "EARTH",   "atk": 1700,   "species": "Saiyajin",   "monster_type": "Normal",   "is_pendulum": false,   "ability": "",   "has_effect": false,   "def": 1100,   "level": 3,   "is_tuner": false }