{   "id": 82500898,   "name": "Monstro Espiritual: Ichigo (Vasto Lorde)",   "is_illegal": false,   "is_custom": false,   "text": "Se este card for Invocado por Invoca\u00e7\u00e3o-Especial: mude todos os monstros que seu oponente controla para a Posi\u00e7\u00e3o de Defesa. N\u00e3o pode ser destru\u00eddo por efeitos de card enquanto voc\u00ea controlar outro monstro \"Espiritual\".",   "images": ["https://raw.githubusercontent.com/EndermanHD28/YDM-Ender-s-Anime-Addon/main/card_images/monstro_espiritual_ichigo_vasto_lorde.png"],   "type": "Monster",   "attribute": "DARK",   "atk": 3000,   "species": "Besta-Guerreira",   "monster_type": "Effect",   "is_pendulum": false,   "ability": "",   "has_effect": true,   "def": 2800,   "level": 8,   "is_tuner": false }