﻿{
    "id":  8190007309,
    "name":  "Monstro Espiritual: Ulquiorra",
    "is_illegal":  false,
    "is_custom":  false,
    "text":  "Você pode descartar 1 card; adicione 1 \"Cero\", exceto \"Neo Cero\", do seu Deck ou Cemitério à sua mão. Se este card for Invocado por Invocação-Especial: Você pode enviar 1 \"Guerreiro Espiritual: Ichigo\" da sua mão para o Cemitério; Invoque por Invocação-Especial 1 \"Monstro Espiritual: Grimmjow\" da sua mão ou Deck. Você só pode usar cada efeito de \"Monstro Espiritual: Ulquiorra\" uma vez por turno.",
    "images":  [

               ],
    "type":  "Monster",
    "attribute":  "DARK",
    "atk":  2200,
    "species":  "Arrancar",
    "monster_type":  "Effect",
    "is_pendulum":  false,
    "ability":  "",
    "has_effect":  true,
    "def":  2500,
    "level":  6,
    "is_tuner":  false
}
