{   "id": 750448699,   "name": "Monstro Espiritual: Aizen",   "is_illegal": false,   "is_custom": false,   "text": "N\u00e3o pode ser Invocado por Invoca\u00e7\u00e3o-Normal/Baixado. Deve ser Invocado por Invoca\u00e7\u00e3o-Especial (da sua m\u00e3o) ao enviar 3 monstros \"Espiritual\" que voc\u00ea controla para o Cemit\u00e9rio, e n\u00e3o pode ser Invocado por Invoca\u00e7\u00e3o-Especial por outros meios. Se este card seria destru\u00eddo em batalha por um monstro do oponente: voc\u00ea pode destruir 1 outro monstro que voc\u00ea controla; este card n\u00e3o \u00e9 destru\u00eddo por essa batalha e, se isso acontecer, destrua o monstro do oponente que o batalhou.",   "images": ["https://raw.githubusercontent.com/EndermanHD28/YDM-Ender-s-Anime-Addon/main/card_images/monstro_espiritual_aizen.png"],   "type": "Monster",   "attribute": "DARK",   "atk": 3100,   "species": "Shinigami",   "monster_type": "Effect",   "is_pendulum": false,   "ability": "",   "has_effect": true,   "def": 3100,   "level": 8,   "is_tuner": false }