{
  "id": 567891,
  "name": "Monstro Espiritual: Ichigo (Vasto Lorde)",
  "is_illegal": false,
  "is_custom": false,
  "text": "Se este card for Invocado por Invocacao-Especial: mude todos os monstros que seu oponente controla para a Posicao de Defesa. Nao pode ser destruido por efeitos de card enquanto voce controlar outro monstro \"Espiritual\".",
  "images": [
    "https://raw.githubusercontent.com/EndermanHD28/YDM-Ender-s-Anime-Addon/main/card_images/monstro_espiritual_ichigo_vasto_lorde.png"
  ],
  "type": "Monster",
  "attribute": "DARK",
  "atk": 3000,
  "species": "Besta-Guerreira",
  "monster_type": "",
  "is_pendulum": false,
  "ability": "",
  "has_effect": true,
  "def": 2800,
  "level": 7,
  "is_tuner": false
}