{   "id": 44875075,   "name": "Monstro Espiritual: Grimmjow",   "is_illegal": false,   "is_custom": false,   "text": "Voc\u00ea pode Invocar este card por Invoca\u00e7\u00e3o-Especial (da sua m\u00e3o) ao descartar 1 monstro \"Guerreiro Espiritual\". Enquanto este card estiver com a face para cima no campo, voc\u00ea n\u00e3o precisa descartar 1 card para ativar \"Cero\". Se este card for destru\u00eddo por um efeito de card do oponente: compre 1 card.",   "images": ["https://raw.githubusercontent.com/EndermanHD28/YDM-Ender-s-Anime-Addon/main/card_images/monstro_espiritual_grimmjow.png"],   "type": "Monster",   "attribute": "WIND",   "atk": 1900,   "species": "Arrancar",   "monster_type": "Effect",   "is_pendulum": false,   "ability": "",   "has_effect": true,   "def": 1700,   "level": 6,   "is_tuner": false }