﻿{
    "id":  750448699,
    "name":  "Monstro Espiritual: Aizen",
    "is_illegal":  false,
    "is_custom":  false,
    "text":  "Não pode ser Invocado por Invocação-Normal/Baixado. Deve ser Invocado por Invocação-Especial (da sua mão) ao enviar 3 monstros \"Espiritual\" que você controla para o Cemitério, e não pode ser Invocado por Invocação-Especial por outros meios. Se este card seria destruído em batalha por um monstro do oponente: você pode destruir 1 outro monstro que você controla; este card não é destruído por essa batalha e, se isso acontecer, destrua o monstro do oponente que o batalhou.",
    "images":  [

               ],
    "type":  "Monster",
    "attribute":  "DARK",
    "atk":  3100,
    "species":  "Shinigami",
    "monster_type":  "Effect",
    "is_pendulum":  false,
    "ability":  "",
    "has_effect":  true,
    "def":  3100,
    "level":  7,
    "is_tuner":  false
}
