﻿{
    "id":  3307764475,
    "name":  "Monstro Espiritual: Neo Ulquiorra",
    "is_illegal":  false,
    "is_custom":  false,
    "text":  "Não pode ser Invocado por Invocação-Normal/Baixado. Você pode Invocar este card por Invocação-Especial ao enviar 2 monstros \"Espiritual\" ou 1 \"Monstro Espiritual: Ulquiorra\" que você controla para o Cemitério. Uma vez por turno: você pode descartar 1 card; escolha 1 monstro que seu oponente controla e destrua-o.",
    "images":  [

               ],
    "type":  "Monster",
    "attribute":  "DARK",
    "atk":  2600,
    "species":  "Arrancar",
    "monster_type":  "Effect",
    "is_pendulum":  false,
    "ability":  "",
    "has_effect":  true,
    "def":  2600,
    "level":  8,
    "is_tuner":  false
}
