{   "id": 8190007309,   "name": "Monstro Espiritual: Ulquiorra",   "is_illegal": false,   "is_custom": false,   "text": "Voc\u00ea pode descartar 1 card; adicione 1 \"Cero\", exceto \"Neo Cero\", do seu Deck ou Cemit\u00e9rio \u00e0 sua m\u00e3o. Se este card for Invocado por Invoca\u00e7\u00e3o-Especial: Voc\u00ea pode enviar 1 \"Guerreiro Espiritual: Ichigo\" da sua m\u00e3o para o Cemit\u00e9rio; Invoque por Invoca\u00e7\u00e3o-Especial 1 \"Monstro Espiritual: Grimmjow\" da sua m\u00e3o ou Deck. Voc\u00ea s\u00f3 pode usar cada efeito de \"Monstro Espiritual: Ulquiorra\" uma vez por turno.",   "images": [     "https://raw.githubusercontent.com/EndermanHD28/YDM-Ender-s-Anime-Addon/main/card_images/monstro_espiritual_ulquiorra.png"   ],   "type": "Monster",   "attribute": "DARK",   "atk": 2200,   "species": "Arrancar",   "monster_type": "Effect",   "is_pendulum": false,   "ability": "",   "has_effect": true,   "def": 2500,   "level": 6,   "is_tuner": false }