{   "id": 3307764475,   "name": "Monstro Espiritual: Neo Ulquiorra",   "is_illegal": false,   "is_custom": false,   "text": "N\u00e3o pode ser Invocado por Invoca\u00e7\u00e3o-Normal/Baixado. Voc\u00ea pode Invocar este card por Invoca\u00e7\u00e3o-Especial ao enviar 2 monstros \"Espiritual\" ou 1 \"Monstro Espiritual: Ulquiorra\" que voc\u00ea controla para o Cemit\u00e9rio. Uma vez por turno: voc\u00ea pode descartar 1 card; escolha 1 monstro que seu oponente controla e destrua-o.",   "images": [     "https://raw.githubusercontent.com/EndermanHD28/YDM-Ender-s-Anime-Addon/main/card_images/monstro_espiritual_neo_ulquiorra.png"   ],   "type": "Monster",   "attribute": "DARK",   "atk": 2600,   "species": "Arrancar",   "monster_type": "Effect",   "is_pendulum": false,   "ability": "",   "has_effect": true,   "def": 2600,   "level": 8,   "is_tuner": false }