{   "id": 40609883,   "name": "Mr. Satan & Magia de Majin Boo",   "is_illegal": false,   "is_custom": false,   "text": "Quando um efeito de card for ativado que destruiria um monstro(s) que voc\u00ea controla (Efeito R\u00e1pido): voc\u00ea pode descartar este card; negue a ativa\u00e7\u00e3o e, se isso acontecer, destrua esse card.",   "images": ["https://raw.githubusercontent.com/EndermanHD28/YDM-Ender-s-Anime-Addon/main/card_images/mr_satan_magia_de_majin_boo.png"],   "type": "Monster",   "attribute": "EARTH",   "atk": 0,   "species": "Mago",   "monster_type": "Tuner/Effect",   "is_pendulum": false,   "ability": "",   "has_effect": true,   "def": 1800,   "level": 3,   "is_tuner": true }