{   "id": 1012637676,   "name": "Mudan\u00e7a do Destino Saiyajin",   "is_illegal": false,   "is_custom": false,   "text": "Envie 1 monstro do Tipo Saiyajin do seu campo para o Cemit\u00e9rio; compre 2 cards. Durante o turno em que este card foi ativado, voc\u00ea pode realizar 1 Invoca\u00e7\u00e3o-Normal adicional. Voc\u00ea s\u00f3 pode ativar 1 \"Mudan\u00e7a do Destino Saiyajin\" por turno.",   "images": ["https://raw.githubusercontent.com/EndermanHD28/YDM-Ender-s-Anime-Addon/main/card_images/mudanca_do_destino_saiyajin.png"],   "type": "Spell",   "spell_type": "Normal" }