{   "id": 43794093,   "name": "M\u00fasico dos Chap\u00e9us de Palha, Brook",   "is_illegal": false,   "is_custom": false,   "text": "Se voc\u00ea n\u00e3o controlar nenhum monstro, voc\u00ea pode ativar este card da sua m\u00e3o. Invoque por Invoca\u00e7\u00e3o-Especial este card como um Monstro de Efeito (Zumbi/TERRA/N\u00edvel 4/ATK 0/DEF 0). (Este card tamb\u00e9m ainda \u00e9 considerado um Card de Armadilha.) Se um ou mais monstros \"Trio Monstro\" que voc\u00ea controla seriam destru\u00eddos por batalha ou por um efeito de card, em vez disso, voc\u00ea pode destruir este card. Voc\u00ea pode banir este card do seu Cemit\u00e9rio; escolha 1 monstro \"Trio Monstro\" no seu Cemit\u00e9rio como alvo e adicione-o \u00e0 sua m\u00e3o. Voc\u00ea s\u00f3 pode usar este efeito de \"M\u00fasico dos Chap\u00e9us de Palha, Brook\" uma vez por turno.",   "images": ["https://raw.githubusercontent.com/EndermanHD28/YDM-Ender-s-Anime-Addon/main/card_images/musico_dos_chapeus_de_palha_brook.png"],   "type": "Trap",   "trap_type": "Normal" }