{   "id": 53367012,   "name": "Nami da Pior Gera\u00e7\u00e3o",   "is_illegal": false,   "is_custom": false,   "text": "Se voc\u00ea n\u00e3o controlar nenhum monstro, voc\u00ea pode revelar este card na sua m\u00e3o; adicione 1 monstro \"Pior Gera\u00e7\u00e3o\" do seu Deck \u00e0 sua m\u00e3o, exceto \"Nami da Pior Gera\u00e7\u00e3o\" e, se isso acontecer, Invoque este card por Invoca\u00e7\u00e3o-Especial. Se este card batalhar um monstro do oponente enquanto voc\u00ea n\u00e3o controlar \"Tempestade S\u00fabita\", este card n\u00e3o \u00e9 destru\u00eddo por essa batalha e, ao final da Etapa de Dano, voc\u00ea pode Baixar 1 \"Tempestade S\u00fabita\" diretamente do seu Deck e, se isso acontecer, ela pode ser ativada neste turno. Voc\u00ea s\u00f3 pode usar cada efeito de \"Nami da Pior Gera\u00e7\u00e3o\" uma vez por turno.",   "images": ["https://raw.githubusercontent.com/EndermanHD28/YDM-Ender-s-Anime-Addon/main/card_images/nami_da_pior_geracao.png"],   "type": "Monster",   "attribute": "WIND",   "atk": 1300,   "species": "Trov\u00e3o",   "monster_type": "Effect",   "is_pendulum": false,   "ability": "",   "has_effect": true,   "def": 800,   "level": 4,   "is_tuner": false }