{   "id": 8875027,   "name": "O Androide Perfeito: Super 17",   "is_illegal": false,   "is_custom": false,   "text": "2 monstros M\u00e1quina de N\u00edvel 4\nUma vez por turno: voc\u00ea pode desassociar 1 Mat\u00e9ria Xyz deste card; destrua 1 card que voc\u00ea controla e, depois, destrua 1 card que seu oponente controla.",   "images": ["https://raw.githubusercontent.com/EndermanHD28/YDM-Ender-s-Anime-Addon/main/card_images/o_androide_perfeito_super_17.png"],   "type": "Monster",   "attribute": "EARTH",   "atk": 2400,   "species": "M\u00e1quina",   "monster_type": "Xyz/Effect",   "is_pendulum": false,   "ability": "",   "has_effect": true,   "def": 1800,   "level": 4,   "is_tuner": false }