{   "id": 89309700,   "name": "O Desespero de Perder",   "is_illegal": false,   "is_custom": false,   "text": "Quando um monstro do oponente declarar um ataque a um monstro \"Guerreiro Espiritual\" que voc\u00ea controla: negue o ataque e, se isso acontecer, Invoque por Invoca\u00e7\u00e3o-Especial 1 \"Monstro Espiritual: Ichigo (Vasto Lorde)\" do seu Deck. At\u00e9 o final do pr\u00f3ximo turno, ele n\u00e3o \u00e9 afetado por outros efeitos de card e, al\u00e9m disso, ganha 1000 de ATK. Voc\u00ea s\u00f3 pode ativar 1 \"O Desespero de Perder\" por turno.",   "images": ["https://raw.githubusercontent.com/EndermanHD28/YDM-Ender-s-Anime-Addon/main/card_images/o_desespero_de_perder.png"],   "type": "Trap",   "trap_type": "Normal" }