{
  "id": 789234,
  "name": "O Desespero de Perder",
  "is_illegal": false,
  "is_custom": false,
  "text": "Quando um monstro do oponente declarar um ataque a um monstro \"Guerreiro Espiritual\" que voce controla: negue o ataque e, se isso acontecer, Invoque por Invocacao-Especial 1 \"Monstro Espiritual: Ichigo (Vasto Lorde)\" do seu Deck. Ate o final do proximo turno, ele nao e afetado por outros efeitos de card e, alem disso, ganha 1000 de ATK. Voce so pode ativar 1 \"O Desespero de Perder\" por turno.",
  "images": [
    "https://raw.githubusercontent.com/EndermanHD28/YDM-Ender-s-Anime-Addon/main/card_images/o_desespero_de_perder.png"
  ],
  "type": "Trap",
  "trap_type": "Normal"
}