{   "id": 49776787,   "name": "O Poderoso Gotenks!",   "is_illegal": false,   "is_custom": false,   "text": "1 monstro Saiyajin de TERRA de N\u00edvel 4 ou menos\nGanha 200 de ATK para cada monstro Saiyajin no seu Cemit\u00e9rio. Uma vez por turno: voc\u00ea pode banir 1 monstro Saiyajin do seu Deck; coloque 1 Marcador de Despertar em 1 monstro em uma Zona de Monstro Principal para a qual este card apontar. Voc\u00ea pode enviar este card do campo para o Cemit\u00e9rio; compre 1 card e, depois, bana 1 card da sua m\u00e3o. Voc\u00ea n\u00e3o pode Invocar monstros por Invoca\u00e7\u00e3o-Link no turno em que ativar este efeito. Voc\u00ea s\u00f3 pode usar este efeito de \"O Poderoso Gotenks!\" uma vez por turno.",   "images": ["https://raw.githubusercontent.com/EndermanHD28/YDM-Ender-s-Anime-Addon/main/card_images/o_poderoso_gotenks.png"],   "type": "Monster",   "attribute": "EARTH",   "atk": 0,   "species": "Saiyajin",   "monster_type": "Link/Effect",   "is_pendulum": false,   "ability": "",   "has_effect": true }