{   "id": 27737709,   "name": "O Pr\u00edncipe, Vegeta!",   "is_illegal": false,   "is_custom": false,   "text": "Voc\u00ea pode Invocar este card por Invoca\u00e7\u00e3o-Especial (da sua m\u00e3o) ao embaralhar 1 monstro \"Goku\" que voc\u00ea controla no Deck. Se Invocado desta forma: voc\u00ea pode escavar os 4 cards do topo do seu Deck e, se isso acontecer, voc\u00ea pode adicionar 1 monstro Saiyajin escavado \u00e0 sua m\u00e3o. Embaralhe os cards restantes de volta no Deck.",   "images": ["https://raw.githubusercontent.com/EndermanHD28/YDM-Ender-s-Anime-Addon/main/card_images/o_principe_vegeta.png"],   "type": "Monster",   "attribute": "EARTH",   "atk": 1600,   "species": "Saiyajin",   "monster_type": "Effect",   "is_pendulum": false,   "ability": "",   "has_effect": true,   "def": 1700,   "level": 4,   "is_tuner": false }