{   "id": 53717986,   "name": "Oozaru de Grande Ira",   "is_illegal": false,   "is_custom": false,   "text": "Voc\u00ea pode revelar 1 monstro do Tipo Saiyajin na sua m\u00e3o; Invoque este card por Invoca\u00e7\u00e3o-Especial (da sua m\u00e3o). Voc\u00ea s\u00f3 pode Invocar por Invoca\u00e7\u00e3o-Especial \"Oozaru de Grande Ira\" uma vez por turno desta forma. Este card n\u00e3o pode declarar um ataque, a menos que voc\u00ea descarte 1 card.",   "images": ["https://raw.githubusercontent.com/EndermanHD28/YDM-Ender-s-Anime-Addon/main/card_images/oozaru_de_grande_ira.png"],   "type": "Monster",   "attribute": "EARTH",   "atk": 1700,   "species": "Besta",   "monster_type": "Tuner/Effect",   "is_pendulum": false,   "ability": "",   "has_effect": true,   "def": 1700,   "level": 3,   "is_tuner": true }