{   "id": 5400635384,   "name": "Plano Zero Humanos",   "is_illegal": false,   "is_custom": false,   "text": "Escave os 3 cards do topo do seu Deck, e voc\u00ea pode adicionar \u00e0 sua m\u00e3o 1 \"Zamasu, o Deus Impetuoso\", \"Troca de Corpo\" ou \"Goku (Ssj2)\" dentre eles. Embaralhe os cards restantes de volta no seu Deck. Voc\u00ea s\u00f3 pode ativar 1 \"Plano Zero Humanos\" por turno.",   "images": ["https://raw.githubusercontent.com/EndermanHD28/YDM-Ender-s-Anime-Addon/main/card_images/plano_zero_humanos.png"],   "type": "Spell",   "spell_type": "Normal" }