{   "id": 26732706,   "name": "Planeta de Bills",   "is_illegal": false,   "is_custom": false,   "text": "Monstros na sua m\u00e3o, Deck, Cemit\u00e9rio e no campo, cujos nomes originais cont\u00eam \"Deus\", \"Divino(a)\", \"SsjGod\", \"SsjRos\u00e9\", \"SsjBlue\" ou \"Instinto Superior\", tamb\u00e9m s\u00e3o tratados como monstros \"Divindade\". Voc\u00ea pode enviar 1 monstro que voc\u00ea controla para o Cemit\u00e9rio; compre 3 cards e, depois, voc\u00ea pode revelar 1 monstro \"Divindade\" dentre eles para adicion\u00e1-lo \u00e0 sua m\u00e3o. Embaralhe os cards restantes da sua m\u00e3o no Deck. Voc\u00ea s\u00f3 pode usar cada efeito de \"Planeta de Bills\" uma vez por turno.",   "images": ["https://raw.githubusercontent.com/EndermanHD28/YDM-Ender-s-Anime-Addon/main/card_images/planeta_de_bills.png"],   "type": "Spell",   "spell_type": "Field" }