{   "id": 73528418,   "name": "Poneglyph, o Guia da Verdade",   "is_illegal": false,   "is_custom": false,   "text": "Uma vez por turno, se este card for enviado ao Cemit\u00e9rio: voc\u00ea pode Invocar por Invoca\u00e7\u00e3o-Especial 1 monstro \"Pior Gera\u00e7\u00e3o\" do seu Deck.",   "images": ["https://raw.githubusercontent.com/EndermanHD28/YDM-Ender-s-Anime-Addon/main/card_images/poneglyph_o_guia_da_verdade.png"],   "type": "Monster",   "attribute": "EARTH",   "atk": 0,   "species": "Rocha",   "monster_type": "Effect",   "is_pendulum": false,   "ability": "",   "has_effect": true,   "def": 0,   "level": 1,   "is_tuner": false }