{   "id": 49226640,   "name": "Potencial de Guerra, Ichigo",   "is_illegal": false,   "is_custom": false,   "text": "N\u00e3o pode ser Invocado por Invoca\u00e7\u00e3o-Normal/Baixado. Deve ser Invocado por Invoca\u00e7\u00e3o-Especial (da sua m\u00e3o) enquanto voc\u00ea tiver 2 ou mais monstros \"Espiritual\" banidos, e n\u00e3o pode ser Invocado por Invoca\u00e7\u00e3o-Especial de outras formas. Voc\u00ea s\u00f3 pode Invocar \"Potencial de Guerra, Ichigo\" por Invoca\u00e7\u00e3o-Especial uma vez por turno. N\u00e3o pode atacar no turno em que for Invocado por Invoca\u00e7\u00e3o-Especial. Se este card com a face para cima deixar o campo, bana-o em vez disso.",   "images": ["https://raw.githubusercontent.com/EndermanHD28/YDM-Ender-s-Anime-Addon/main/card_images/potencial_de_guerra_ichigo.png"],   "type": "Monster",   "attribute": "DARK",   "atk": 3000,   "species": "Shinigami",   "monster_type": "Effect",   "is_pendulum": false,   "ability": "",   "has_effect": true,   "def": 2600,   "level": 8,   "is_tuner": false }