﻿{
    "id":  49226640,
    "name":  "Potencial de Guerra, Ichigo",
    "is_illegal":  false,
    "is_custom":  false,
    "text":  "Não pode ser Invocado por Invocação-Normal/Baixado. Deve ser Invocado por Invocação-Especial (da sua mão) enquanto você tiver 2 ou mais monstros \"Espiritual\" banidos, e não pode ser Invocado por Invocação-Especial de outras formas. Você só pode Invocar \"Potencial de Guerra, Ichigo\" por Invocação-Especial uma vez por turno. Não pode atacar no turno em que for Invocado por Invocação-Especial. Se este card com a face para cima deixar o campo, bana-o em vez disso.",
    "images":  [

               ],
    "type":  "Monster",
    "attribute":  "DARK",
    "atk":  3000,
    "species":  "Shinigami",
    "monster_type":  "Effect",
    "is_pendulum":  false,
    "ability":  "",
    "has_effect":  true,
    "def":  2600,
    "level":  7,
    "is_tuner":  false
}
