{   "id": 21407737,   "name": "Raiva Primal e Dourada do Oozaru",   "is_illegal": false,   "is_custom": false,   "text": "1 Regulador + 1+ monstros de TERRA n\u00e3o-Reguladores\nEnquanto voc\u00ea controlar outro monstro, este card n\u00e3o pode ser destru\u00eddo em batalha. Ganha 300 de ATK para cada monstro Saiyajin que voc\u00ea controla. (Efeito R\u00e1pido): voc\u00ea pode enviar este card do campo para o Cemit\u00e9rio; Invoque por Invoca\u00e7\u00e3o-Especial 1 monstro \"Super Saiyajin 4\" do seu Deck Adicional, mas seus efeitos s\u00e3o negados.",   "images": ["https://raw.githubusercontent.com/EndermanHD28/YDM-Ender-s-Anime-Addon/main/card_images/raiva_primal_e_dourada_do_oozaru.png"],   "type": "Monster",   "attribute": "EARTH",   "atk": 2200,   "species": "Besta",   "monster_type": "Synchro/Effect",   "is_pendulum": false,   "ability": "",   "has_effect": true,   "def": 2900,   "level": 8,   "is_tuner": false }