{   "id": 66025530,   "name": "Rayleigh da Antiga Gera\u00e7\u00e3o",   "is_illegal": false,   "is_custom": false,   "text": "A Posi\u00e7\u00e3o de Batalha deste card n\u00e3o pode ser mudada, exceto com o efeito deste card. (Efeito R\u00e1pido): Voc\u00ea pode mudar a Posi\u00e7\u00e3o de Batalha deste card e, depois, aplicar 1 dos seguintes efeitos. Voc\u00ea s\u00f3 pode usar este efeito de \"Rayleigh da Antiga Gera\u00e7\u00e3o\" uma vez por turno.\n\u25cf Posi\u00e7\u00e3o de Ataque: Monstros \"Pior Gera\u00e7\u00e3o\" que voc\u00ea controla ganham 800 de ATK at\u00e9 o final deste turno.\n\u25cf Posi\u00e7\u00e3o de Defesa: Monstros \"Pior Gera\u00e7\u00e3o\" e \"Antiga Gera\u00e7\u00e3o\" com a face para cima que voc\u00ea controla n\u00e3o podem ser destru\u00eddos por efeitos de card, at\u00e9 o final deste turno.",   "images": ["https://raw.githubusercontent.com/EndermanHD28/YDM-Ender-s-Anime-Addon/main/card_images/rayleigh_da_antiga_geracao.png"],   "type": "Monster",   "attribute": "WIND",   "atk": 2400,   "species": "Guerreiro",   "monster_type": "Effect",   "is_pendulum": false,   "ability": "",   "has_effect": true,   "def": 2400,   "level": 7,   "is_tuner": false }