{   "id": 62209261,   "name": "Road Poneglyph",   "is_illegal": false,   "is_custom": false,   "text": "Uma vez por turno: voc\u00ea pode enviar 1 monstro \"Pior Gera\u00e7\u00e3o\" da sua m\u00e3o ou do campo para o Cemit\u00e9rio; coloque 1 Marcador de Conhecimento neste card. Se um monstro \"Trio Monstro\" for Invocado no seu campo, voc\u00ea pode colocar 1 Marcador de Conhecimento neste card. Se este card tiver 3 ou mais Marcadores de Conhecimento, voc\u00ea pode envi\u00e1-lo para o Cemit\u00e9rio; Invoque por Invoca\u00e7\u00e3o-Especial 1 monstro \"Antiga Gera\u00e7\u00e3o\" da sua m\u00e3o ou Deck. Voc\u00ea s\u00f3 pode usar cada efeito de \"Road Poneglyph\" uma vez por turno.",   "images": ["https://raw.githubusercontent.com/EndermanHD28/YDM-Ender-s-Anime-Addon/main/card_images/road_poneglyph.png"],   "type": "Spell",   "spell_type": "Continuous" }