﻿{
    "id":  3021123021,
    "name":  "Rukia Kuchiki, Portadora do Frio",
    "is_illegal":  false,
    "is_custom":  false,
    "text":  "(Este card é sempre considerado como um card \"Guerreiro Espiritual\".)\nEste card só pode ser Invocado por Invocação-Especial. Este card não pode declarar um ataque a um monstro do oponente, a menos que você tenha pelo menos 1 card na sua mão. Sempre que este card declarar um ataque a um monstro do oponente: descarte 1 card. Monstros destruídos em batalha por este card são banidos em vez de serem enviados ao Cemitério. Este card causa dano de batalha perfurante. Se você tiver 2 ou mais cards na sua mão, este card não pode ser destruído em batalha. Qualquer dano de batalha que você sofrer de combates envolvendo este card é triplicado.",
    "images":  [
                   "https://raw.githubusercontent.com/EndermanHD28/YDM-Ender-s-Anime-Addon/main/card_images/rukia_kuchiki_portadora_do_frio.png"
               ],
    "type":  "Monster",
    "attribute":  "WATER",
    "atk":  3000,
    "species":  "Shinigami",
    "monster_type":  "Effect",
    "is_pendulum":  false,
    "ability":  "",
    "has_effect":  true,
    "def":  2250,
    "level":  7,
    "is_tuner":  false
}
