{   "id": 3021123021,   "name": "Rukia Kuchiki, Portadora do Frio",   "is_illegal": false,   "is_custom": false,   "text": "(Este card \u00e9 sempre considerado como um card \"Guerreiro Espiritual\".)\nEste card s\u00f3 pode ser Invocado por Invoca\u00e7\u00e3o-Especial. Este card n\u00e3o pode declarar um ataque a um monstro do oponente, a menos que voc\u00ea tenha pelo menos 1 card na sua m\u00e3o. Sempre que este card declarar um ataque a um monstro do oponente: descarte 1 card. Monstros destru\u00eddos em batalha por este card s\u00e3o banidos em vez de serem enviados ao Cemit\u00e9rio. Este card causa dano de batalha perfurante. Se voc\u00ea tiver 2 ou mais cards na sua m\u00e3o, este card n\u00e3o pode ser destru\u00eddo em batalha. Qualquer dano de batalha que voc\u00ea sofrer de combates envolvendo este card \u00e9 triplicado.",   "images": [     "https://raw.githubusercontent.com/EndermanHD28/YDM-Ender-s-Anime-Addon/main/card_images/rukia_kuchiki_portadora_do_frio.png"   ],   "type": "Monster",   "attribute": "WATER",   "atk": 3000,   "species": "Shinigami",   "monster_type": "Effect",   "is_pendulum": false,   "ability": "",   "has_effect": true,   "def": 2250,   "level": 7,   "is_tuner": false }