{   "id": 91444033,   "name": "Ser Irracional",   "is_illegal": false,   "is_custom": false,   "text": "(Efeito R\u00e1pido): Voc\u00ea pode descartar este card; aplique 1 dos seguintes efeitos.\n\u25cf Adicione 1 monstro com 1500 de ATK do seu Deck \u00e0 sua m\u00e3o.\n\u25cf Invoque por Invoca\u00e7\u00e3o-Especial 1 monstro com 1500 ou menos de ATK da sua m\u00e3o e, se isso acontecer, esse monstro Invocado n\u00e3o pode ser destru\u00eddo por efeitos de card do seu oponente at\u00e9 o final deste turno.\nVoc\u00ea s\u00f3 pode usar este efeito de \"Ser Irracional\" uma vez por turno.",   "images": ["https://raw.githubusercontent.com/EndermanHD28/YDM-Ender-s-Anime-Addon/main/card_images/ser_irracional.png"],   "type": "Monster",   "attribute": "EARTH",   "atk": 500,   "species": "Besta-Guerreira",   "monster_type": "Effect",   "is_pendulum": false,   "ability": "",   "has_effect": true,   "def": 700,   "level": 2,   "is_tuner": false }