{   "id": 69730767,   "name": "Soar dos Tambores, Retrucar",   "is_illegal": false,   "is_custom": false,   "text": "Durante a Etapa de Dano, se um monstro que voc\u00ea controla batalhar um monstro do oponente: mude o ATK desse monstro do oponente para 0 at\u00e9 o final deste turno e, se isso acontecer, voc\u00ea pode Invocar por Invoca\u00e7\u00e3o-Especial 1 monstro de N\u00edvel 4 ou menos do seu Cemit\u00e9rio em Posi\u00e7\u00e3o de Defesa.",   "images": ["https://raw.githubusercontent.com/EndermanHD28/YDM-Ender-s-Anime-Addon/main/card_images/soar_dos_tambores_retrucar.png"],   "type": "Trap",   "trap_type": "Normal" }