{   "id": 23139951,   "name": "Sogeking da Pior Gera\u00e7\u00e3o",   "is_illegal": false,   "is_custom": false,   "text": "2+ monstros \"Pior Gera\u00e7\u00e3o\"\nQuando este card for Invocado por Invoca\u00e7\u00e3o-Link: voc\u00ea pode escolher 1 monstro \"Pior Gera\u00e7\u00e3o\" de N\u00edvel 4 ou menos do seu Cemit\u00e9rio; Invoque-o por Invoca\u00e7\u00e3o-Especial. Uma vez por turno, voc\u00ea pode descartar 1 card; adicione 1 \"Thousand Sunny\" do seu Deck para sua m\u00e3o.",   "images": ["https://raw.githubusercontent.com/EndermanHD28/YDM-Ender-s-Anime-Addon/main/card_images/sogeking_da_pior_geracao.png"],   "type": "Monster",   "attribute": "FIRE",   "atk": 1700,   "species": "Guerreiro",   "monster_type": "Link/Effect",   "is_pendulum": false,   "ability": "",   "has_effect": true }