{   "id": 4322677,   "name": "Soul Society",   "is_illegal": false,   "is_custom": false,   "text": "No turno em que voc\u00ea ativar um dos efeitos de \"Soul Society\", voc\u00ea n\u00e3o pode ativar \"Las Noches\", nem os seus efeitos. Uma vez por turno, voc\u00ea pode ativar 1 dos seguintes efeitos:\n\u25cf Descarte 2 cards; escave os 5 cards do topo do seu Deck e, se o fizer, voc\u00ea pode Invocar por Invoca\u00e7\u00e3o-Especial 1 monstro \"Guerreiro Espiritual\" dentre eles. Embaralhe o resto de volta no Deck.\n\u25cf Envie 1 monstro \"Espiritual\" que voc\u00ea controla para o Cemit\u00e9rio; Invoque por Invoca\u00e7\u00e3o-Especial 1 monstro \"Espiritual\" de N\u00edvel 4 ou menos do seu Cemit\u00e9rio, exceto o monstro enviado para o Cemit\u00e9rio para ativar este efeito. Os efeitos do monstro enviado ao Cemit\u00e9rio por este efeito s\u00e3o negados at\u00e9 o final deste turno.",   "images": ["https://raw.githubusercontent.com/EndermanHD28/YDM-Ender-s-Anime-Addon/main/card_images/soul_society.png"],   "type": "Spell",   "spell_type": "Field" }