{   "id": 2244018261,   "name": "Super Kamehameha",   "is_illegal": false,   "is_custom": false,   "text": "Se voc\u00ea controla 1 monstro \"Goku\", \"Vegetto\", \"Gogeta\" ou \"Gohan\": escolha 1 monstro no campo que seu oponente controla; destrua-o. Se isso acontecer, voc\u00ea pode banir 1 card da sua m\u00e3o; compre 1 card.",   "images": ["https://raw.githubusercontent.com/EndermanHD28/YDM-Ender-s-Anime-Addon/main/card_images/super_kamehameha.png"],   "type": "Spell",   "spell_type": "Normal" }