{   "id": 95183606,   "name": "Tempestade S\u00fabita",   "is_illegal": false,   "is_custom": false,   "text": "Uma vez por turno, durante a Fase de Apoio do seu oponente: coloque 1 Marcador de Explos\u00e3o neste card. Se este card tiver 2 ou mais Marcadores de Explos\u00e3o: voc\u00ea pode escolher at\u00e9 2 monstros que seu oponente controla; destrua esses alvos e, depois, envie este card para o Cemit\u00e9rio.",   "images": ["https://raw.githubusercontent.com/EndermanHD28/YDM-Ender-s-Anime-Addon/main/card_images/tempestade_subita.png"],   "type": "Trap",   "trap_type": "Continuous" }