{   "id": 1557145970,   "name": "Territ\u00f3rio das Divindades",   "is_illegal": false,   "is_custom": false,   "text": "Quando seu oponente Invocar um monstro por Invoca\u00e7\u00e3o-Especial: destrua esse monstro e, se isso acontecer, Invoque por Invoca\u00e7\u00e3o-Especial 1 monstro \"Divindade\" do seu Cemit\u00e9rio e, depois, equipe este card a ele. Se este card for destru\u00eddo enquanto estiver equipado; destrua o monstro ao qual ele estava equipado. Se o monstro equipado com este card for destru\u00eddo: destrua este card.",   "images": ["https://raw.githubusercontent.com/EndermanHD28/YDM-Ender-s-Anime-Addon/main/card_images/territorio_das_divindades.png"],   "type": "Trap",   "trap_type": "Continuous" }