{   "id": 80645380,   "name": "Thousand Sunny",   "is_illegal": false,   "is_custom": false,   "text": "Monstros \"Trio Monstro\" que voc\u00ea controla ganham 500 de ATK e n\u00e3o podem ser destru\u00eddos por efeitos de card do oponente. Uma vez por turno, se um monstro \"Trio Monstro\" que voc\u00ea controla seria destru\u00eddo em batalha, em vez disso, voc\u00ea pode banir 1 card do topo do seu Deck.",   "images": ["https://raw.githubusercontent.com/EndermanHD28/YDM-Ender-s-Anime-Addon/main/card_images/thousand_sunny.png"],   "type": "Spell",   "spell_type": "Continuous" }