{   "id": 3829784519,   "name": "Torneio de Artes Marciais",   "is_illegal": false,   "is_custom": false,   "text": "Aumente o ATK de todos os monstros do tipo Saiyajin que voc\u00ea controla em 200. Uma vez por turno: voc\u00ea pode descartar 1 monstro do tipo Saiyajin; compre 3 cards e, se comprar cards do tipo Saiyajin, escolha 1 deles para adicionar \u00e0 sua m\u00e3o, e embaralhe os outros no Deck.",   "images": ["https://raw.githubusercontent.com/EndermanHD28/YDM-Ender-s-Anime-Addon/main/card_images/torneio_de_artes_marciais.png"],   "type": "Spell",   "spell_type": "Field" }