{   "id": 1680292,   "name": "Trio Monstro: Zoro da Pior Gera\u00e7\u00e3o",   "is_illegal": false,   "is_custom": false,   "text": "Ganha 500 de ATK enquanto voc\u00ea controlar outro monstro \"Trio Monstro\". Se voc\u00ea controlar \"Trio Monstro: Luffy da Pior Gera\u00e7\u00e3o\", voc\u00ea pode Invocar este card por Invoca\u00e7\u00e3o-Normal em adi\u00e7\u00e3o \u00e0 sua Invoca\u00e7\u00e3o-Normal/Baixar. Se Invocado desta forma, negue os efeitos deste card no campo at\u00e9 o final deste turno. Voc\u00ea s\u00f3 pode Invocar por Invoca\u00e7\u00e3o-Normal \"Espadachim do Trio Monstro, Zoro\" uma vez por turno desta forma.",   "images": ["https://raw.githubusercontent.com/EndermanHD28/YDM-Ender-s-Anime-Addon/main/card_images/trio_monstro_zoro_da_pior_geracao.png"],   "type": "Monster",   "attribute": "WIND",   "atk": 1700,   "species": "Guerreiro",   "monster_type": "Effect",   "is_pendulum": false,   "ability": "",   "has_effect": true,   "def": 1900,   "level": 4,   "is_tuner": false }