{   "id": 23860828,   "name": "Trio Monstro: Sanji da Pior Gera\u00e7\u00e3o",   "is_illegal": false,   "is_custom": false,   "text": "Voc\u00ea pode revelar 1 outro monstro \"Pior Gera\u00e7\u00e3o\" na sua m\u00e3o; Invoque este card por Invoca\u00e7\u00e3o-Especial da sua m\u00e3o. Se este card for Invocado por Invoca\u00e7\u00e3o-Normal ou Especial: voc\u00ea pode adicionar 1 monstro \"Trio Monstro\" do seu Deck \u00e0 sua m\u00e3o, exceto \"Trio Monstro: Sanji da Pior Gera\u00e7\u00e3o\". Voc\u00ea s\u00f3 pode usar cada efeito de \"Trio Monstro: Sanji da Pior Gera\u00e7\u00e3o\" uma vez por turno.",   "images": ["https://raw.githubusercontent.com/EndermanHD28/YDM-Ender-s-Anime-Addon/main/card_images/trio_monstro_sanji_da_pior_geracao.png"],   "type": "Monster",   "attribute": "FIRE",   "atk": 1800,   "species": "Guerreiro",   "monster_type": "Effect",   "is_pendulum": false,   "ability": "",   "has_effect": true,   "def": 1800,   "level": 4,   "is_tuner": false }