{   "id": 44020943,   "name": "Trio Monstro: Luffy da Pior Gera\u00e7\u00e3o",   "is_illegal": false,   "is_custom": false,   "text": "Voc\u00ea s\u00f3 pode usar 1 efeito de \"Trio Monstro: Luffy da Pior Gera\u00e7\u00e3o\" por turno, e apenas uma vez por turno.\n\u25cf Se este card for Invocado por Invoca\u00e7\u00e3o-Normal: voc\u00ea pode adicionar 1 \"Road Poneglyph\" do seu Deck para sua m\u00e3o.\n\u25cf Se voc\u00ea controlar \"Road Poneglyph\": voc\u00ea pode adicionar 1 \"Soar dos Tambores, Retrucar\" do seu Deck \u00e0 sua m\u00e3o.",   "images": ["https://raw.githubusercontent.com/EndermanHD28/YDM-Ender-s-Anime-Addon/main/card_images/trio_monstro_luffy_da_pior_geracao.png"],   "type": "Monster",   "attribute": "EARTH",   "atk": 1900,   "species": "Guerreiro",   "monster_type": "Effect",   "is_pendulum": false,   "ability": "",   "has_effect": true,   "def": 1500,   "level": 4,   "is_tuner": false }