{   "id": 48557080,   "name": "Troca de Corpo",   "is_illegal": false,   "is_custom": false,   "text": "Voc\u00ea pode banir 1 \"Goku (Ssj2)\" e 1 \"Zamasu, o Deus Impetuoso\" da sua m\u00e3o e/ou do campo; Invoque por Invoca\u00e7\u00e3o-Especial 1 \"Goku Black, Justiceiro Divino\" da sua m\u00e3o ou do Deck. Voc\u00ea pode banir este card do seu Cemit\u00e9rio; escolha 1 dos seus \"Goku (Ssj2)\" e 1 dos seus \"Zamasu, o Deus Impetuoso\" que estiverem banidos e adicione-os \u00e0 sua m\u00e3o. Voc\u00ea s\u00f3 pode usar cada efeito de \"Troca de Corpo\" uma vez por turno.",   "images": ["https://raw.githubusercontent.com/EndermanHD28/YDM-Ender-s-Anime-Addon/main/card_images/troca_de_corpo.png"],   "type": "Spell",   "spell_type": "Normal" }