{   "id": 52731198,   "name": "Trono Vazio",   "is_illegal": false,   "is_custom": false,   "text": "Voc\u00ea s\u00f3 pode controlar 1 \"Trono Vazio\". Quando um monstro do oponente declarar um ataque direto: voc\u00ea pode enviar este card com a face para cima do seu campo ao Cemit\u00e9rio; Invoque por Invoca\u00e7\u00e3o-Especial 1 monstro \"Antiga Gera\u00e7\u00e3o\" da sua m\u00e3o e, se isso acontecer, esse monstro ganha o seguinte efeito at\u00e9 o final do pr\u00f3ximo turno.\n\u25cf N\u00e3o pode ser destru\u00eddo em batalha ou por efeitos de card do seu oponente, e al\u00e9m disso, voc\u00ea n\u00e3o sofre dano de batalha das batalhas envolvendo este card. Se este card batalhar com um monstro do oponente, e esse monstro n\u00e3o for destru\u00eddo por essa batalha: bana esse monstro do oponente ap\u00f3s o c\u00e1lculo de dano.",   "images": ["https://raw.githubusercontent.com/EndermanHD28/YDM-Ender-s-Anime-Addon/main/card_images/trono_vazio.png"],   "type": "Spell",   "spell_type": "Continuous" }