{   "id": 92271822,   "name": "Uni\u00e3o dos Super Saiyajins",   "is_illegal": false,   "is_custom": false,   "text": "Adicione 1 monstro do Tipo Saiyajin com 1800 ou menos de ATK do seu Deck para sua m\u00e3o e, al\u00e9m disso, se voc\u00ea tiver um \"Despertar Lend\u00e1rio\" na sua m\u00e3o, voc\u00ea pode revel\u00e1-lo; adicione 1 monstro \"Super Saiyajin\" do seu Deck para sua m\u00e3o. Se voc\u00ea controlar 2 ou mais monstros \"Super Saiyajin\", voc\u00ea pode banir este card do seu Cemit\u00e9rio; coloque 1 Marcador de Despertar em 2 monstros \"Super Saiyajin\" que voc\u00ea controla e, al\u00e9m disso, at\u00e9 o final do pr\u00f3ximo turno, eles n\u00e3o podem ser destru\u00eddos em batalha.",   "images": ["https://raw.githubusercontent.com/EndermanHD28/YDM-Ender-s-Anime-Addon/main/card_images/uniao_dos_super_saiyajins.png"],   "type": "Spell",   "spell_type": "Normal" }