{   "id": 15717949,   "name": "Vegeta, o Super Saiyajin 2",   "is_illegal": false,   "is_custom": false,   "text": "Voc\u00ea pode Invocar este card por Invoca\u00e7\u00e3o-Especial (da sua m\u00e3o) ao enviar 1 \"Vegeta, o Super Saiyajin\" com a face para cima que voc\u00ea controla com 1 Marcador de Despertar para o Cemit\u00e9rio. Se Invocado desta forma, este card ganha os seguintes efeitos.\n\u25cf Uma vez por turno, durante o c\u00e1lculo de dano, se este card batalhar com um monstro do oponente: voc\u00ea pode revelar 1 monstro do Tipo Saiyajin na sua m\u00e3o; este card ganha 1000 de ATK durante esse c\u00e1lculo de dano, apenas.\n\u25cf Se este card for destru\u00eddo em batalha ou por um efeito de card do oponente: voc\u00ea pode escolher como alvo 1 card que seu oponente controla; embaralhe-o no Deck.",   "images": ["https://raw.githubusercontent.com/EndermanHD28/YDM-Ender-s-Anime-Addon/main/card_images/vegeta_o_super_saiyajin_2.png"],   "type": "Monster",   "attribute": "EARTH",   "atk": 2500,   "species": "Saiyajin",   "monster_type": "Effect",   "is_pendulum": false,   "ability": "",   "has_effect": true,   "def": 1600,   "level": 7,   "is_tuner": false }