{   "id": 3812315578,   "name": "Vegetto (Ssj3)",   "is_illegal": false,   "is_custom": false,   "text": "\"Goku (Ssj3)\" + \"Vegeta\". Este monstro pode ser Invocado por Invoca\u00e7\u00e3o-Fus\u00e3o, ou Invocado por Invoca\u00e7\u00e3o-Especial ao enviar 1 \"Goku Ssj\" e 1 \"Vegeta\" do seu campo para o Cemit\u00e9rio, exceto monstros \"Goku Black\". Se este card for destru\u00eddo por batalha ou por um efeito de card: voc\u00ea pode Invocar por Invoca\u00e7\u00e3o-Especial 1 \"Goku (Ssj3)\" e 1 \"Vegeta (SsjGod)\" do seu Cemit\u00e9rio em Posi\u00e7\u00e3o de Ataque.",   "images": ["https://raw.githubusercontent.com/EndermanHD28/YDM-Ender-s-Anime-Addon/main/card_images/vegetto_ssj3.png"],   "type": "Monster",   "attribute": "EARTH",   "atk": 2900,   "species": "Saiyajin",   "monster_type": "Fusion/Effect",   "is_pendulum": false,   "ability": "",   "has_effect": true,   "def": 2400,   "level": 7,   "is_tuner": false }