{   "id": 31702486,   "name": "Vegeta (SsjBlue)",   "is_illegal": false,   "is_custom": false,   "text": "N\u00e3o pode ser Invocado por Invoca\u00e7\u00e3o-Normal/Baixado. Deve primeiro ser Invocado por Invoca\u00e7\u00e3o-Especial (da sua m\u00e3o) ao enviar 1 \"Vegeta (SsjGod)\" que voc\u00ea controla para o Cemit\u00e9rio. No in\u00edcio da Etapa de Dano, se este card batalhar com um monstro do oponente: voc\u00ea pode revelar 1 monstro \"Goku\" (exceto \"Goku Black\") na sua m\u00e3o; este card ganha 300 de ATK at\u00e9 o final deste turno.",   "images": ["https://raw.githubusercontent.com/EndermanHD28/YDM-Ender-s-Anime-Addon/main/card_images/vegeta_ssjblue.png"],   "type": "Monster",   "attribute": "DIVINE",   "atk": 2900,   "species": "Saiyajin",   "monster_type": "Effect",   "is_pendulum": false,   "ability": "",   "has_effect": true,   "def": 2600,   "level": 7,   "is_tuner": false }