{   "id": 27066689,   "name": "Vegeta, o Super Saiyajin",   "is_illegal": false,   "is_custom": false,   "text": "Voc\u00ea pode Invocar este card por Invoca\u00e7\u00e3o-Especial (da sua m\u00e3o) ao enviar 1 \"O Pr\u00edncipe, Vegeta!\" com a face para cima que voc\u00ea controla com 1 Marcador de Despertar para o Cemit\u00e9rio. Se este card for Invocado por Invoca\u00e7\u00e3o-Especial por seu pr\u00f3prio efeito: adicione 1 \"Despertar Lend\u00e1rio\" do seu Deck \u00e0 sua m\u00e3o e, depois, voc\u00ea pode Invocar por Invoca\u00e7\u00e3o-Especial 1 \"Goku, o Super Saiyajin\" do seu Deck, mas negue seus efeitos.",   "images": ["https://raw.githubusercontent.com/EndermanHD28/YDM-Ender-s-Anime-Addon/main/card_images/vegeta_o_super_saiyajin.png"],   "type": "Monster",   "attribute": "EARTH",   "atk": 2200,   "species": "Saiyajin",   "monster_type": "Effect",   "is_pendulum": false,   "ability": "",   "has_effect": true,   "def": 1600,   "level": 5,   "is_tuner": false }