{   "id": 4663470,   "name": "Vegetto (SsjBlue)",   "is_illegal": false,   "is_custom": false,   "text": "Este card deve ser Invocado por Invoca\u00e7\u00e3o-Especial ao enviar 1 \"Goku (SsjBlue)\" e 1 \"Vegeta (SsjBlue)\" do seu campo para o Cemit\u00e9rio. Se este card for destru\u00eddo em batalha, ou por um efeito de card: voc\u00ea pode Invocar por Invoca\u00e7\u00e3o-Especial 1 \"Goku (SsjBlue)\" e 1 \"Vegeta (SsjBlue)\" do seu Cemit\u00e9rio em Posi\u00e7\u00e3o de Ataque. Duas vezes por turno, este card n\u00e3o pode ser destru\u00eddo por efeitos de cards do oponente.",   "images": ["https://raw.githubusercontent.com/EndermanHD28/YDM-Ender-s-Anime-Addon/main/card_images/vegetto_ssjblue.png"],   "type": "Monster",   "attribute": "DIVINE",   "atk": 4000,   "species": "Saiyajin",   "monster_type": "Fusion/Effect",   "is_pendulum": false,   "ability": "",   "has_effect": true,   "def": 3000,   "level": 10,   "is_tuner": false }