{   "id": 2727704272,   "name": "Vegeta (SsjGod)",   "is_illegal": false,   "is_custom": false,   "text": "Se \"Mirai Trunks (Ssj2)\" estiver no seu Cemit\u00e9rio: voc\u00ea pode Invocar por Invoca\u00e7\u00e3o-Especial 1 \"Mirai Trunks (Ssj2)\" do Cemit\u00e9rio em Posi\u00e7\u00e3o de Ataque e, depois, Invocar este card por Invoca\u00e7\u00e3o-Especial em Posi\u00e7\u00e3o de Ataque. Aumente o ATK deste card em 400 para cada monstro \"Divino\", \"Divindade\", \"SsjGod\" ou \"SsjBlue\" no seu Cemit\u00e9rio.",   "images": ["https://raw.githubusercontent.com/EndermanHD28/YDM-Ender-s-Anime-Addon/main/card_images/vegeta_ssjgod.png"],   "type": "Monster",   "attribute": "DIVINE",   "atk": 1500,   "species": "Saiyajin",   "monster_type": "Effect",   "is_pendulum": false,   "ability": "",   "has_effect": true,   "def": 2500,   "level": 8,   "is_tuner": false }