{   "id": 19833475,   "name": "Zamasu, o Deus Impetuoso",   "is_illegal": false,   "is_custom": false,   "text": "Uma vez por turno, este card n\u00e3o pode ser destru\u00eddo em batalha. Voc\u00ea pode descartar 1 card; adicione 1 \"Troca de Corpo\" do seu Deck \u00e0 sua m\u00e3o. Voc\u00ea n\u00e3o pode Invocar cards por Invoca\u00e7\u00e3o-Especial ou ativar efeitos de monstro no turno em que este efeito foi ativado.",   "images": ["https://raw.githubusercontent.com/EndermanHD28/YDM-Ender-s-Anime-Addon/main/card_images/zamasu_o_deus_impetuoso.png"],   "type": "Monster",   "attribute": "DIVINE",   "atk": 1500,   "species": "Kaioshin",   "monster_type": "Effect",   "is_pendulum": false,   "ability": "",   "has_effect": true,   "def": 1500,   "level": 3,   "is_tuner": false }